Workbook

Sheet Top 40
A1: SRET 2027 — Top 40 Students
A2: Ranked by: Test performance 55% · Attendance 30% · Handpicked 15%
A4: Rank | B4: Reg No. | C4: Name | D4: Department | E4: Handpicked | F4: Tests taken /52 | G4: Avg score % | H4: Attendance % | I4: Final score | J4: Watch-outs
A5: 1 | B5: {=INDEX('All Students'!$A$2:$A$124,MATCH($A5,'All Students'!$N$2:$N$124,0))} -> E0223008 | C5: {=INDEX('All Students'!$B$2:$B$124,MATCH($A5,'All Students'!$N$2:$N$124,0))} -> Athena Caleb | D5: {=INDEX('All Students'!$C$2:$C$124,MATCH($A5,'All Students'!$N$2:$N$124,0))} -> B.Tech CSE-CSIOT | E5: {=IF(INDEX('All Students'!$D$2:$D$124,MATCH($A5,'All Students'!$N$2:$N$124,0))=1,INDEX('All Students'!$E$2:$E$124,MATCH($A5,'All Students'!$N$2:$N$124,0)),"No — data pick")} -> CYBER | F5: {=INDEX('All Students'!$F$2:$F$124,MATCH($A5,'All Students'!$N$2:$N$124,0))} -> 48 | G5: {=INDEX('All Students'!$H$2:$H$124,MATCH($A5,'All Students'!$N$2:$N$124,0))} -> 91.5 | H5: {=INDEX('All Students'!$L$2:$L$124,MATCH($A5,'All Students'!$N$2:$N$124,0))} -> 94.5 | I5: {=INDEX('All Students'!$M$2:$M$124,MATCH($A5,'All Students'!$N$2:$N$124,0))} -> 85.095 | J5: {=IF(INDEX('All Students'!$Q$2:$Q$124,MATCH($A5,'All Students'!$N$2:$N$124,0))="","",INDEX('All Students'!$Q$2:$Q$124,MATCH($A5,'All Students'!$N$2:$N$124,0)))}
A6: 2 | B6: {=INDEX('All Students'!$A$2:$A$124,MATCH($A6,'All Students'!$N$2:$N$124,0))} -> E0223003 | C6: {=INDEX('All Students'!$B$2:$B$124,MATCH($A6,'All Students'!$N$2:$N$124,0))} -> Shansita S | D6: {=INDEX('All Students'!$C$2:$C$124,MATCH($A6,'All Students'!$N$2:$N$124,0))} -> B.Tech CSE-CSIOT | E6: {=IF(INDEX('All Students'!$D$2:$D$124,MATCH($A6,'All Students'!$N$2:$N$124,0))=1,INDEX('All Students'!$E$2:$E$124,MATCH($A6,'All Students'!$N$2:$N$124,0)),"No — data pick")} -> CYBER | F6: {=INDEX('All Students'!$F$2:$F$124,MATCH($A6,'All Students'!$N$2:$N$124,0))} -> 44 | G6: {=INDEX('All Students'!$H$2:$H$124,MATCH($A6,'All Students'!$N$2:$N$124,0))} -> 85 | H6: {=INDEX('All Students'!$L$2:$L$124,MATCH($A6,'All Students'!$N$2:$N$124,0))} -> 93.5 | I6: {=INDEX('All Students'!$M$2:$M$124,MATCH($A6,'All Students'!$N$2:$N$124,0))} -> 80.758 | J6: {=IF(INDEX('All Students'!$Q$2:$Q$124,MATCH($A6,'All Students'!$N$2:$N$124,0))="","",INDEX('All Students'!$Q$2:$Q$124,MATCH($A6,'All Students'!$N$2:$N$124,0)))}
A7: 3 | B7: {=INDEX('All Students'!$A$2:$A$124,MATCH($A7,'All Students'!$N$2:$N$124,0))} -> E0323011 | C7: {=INDEX('All Students'!$B$2:$B$124,MATCH($A7,'All Students'!$N$2:$N$124,0))} -> Nithish Kumar | D7: {=INDEX('All Students'!$C$2:$C$124,MATCH($A7,'All Students'!$N$2:$N$124,0))} -> B.Tech CSE-AIDA | E7: {=IF(INDEX('All Students'!$D$2:$D$124,MATCH($A7,'All Students'!$N$2:$N$124,0))=1,INDEX('All Students'!$E$2:$E$124,MATCH($A7,'All Students'!$N$2:$N$124,0)),"No — data pick")} -> AIDA | F7: {=INDEX('All Students'!$F$2:$F$124,MATCH($A7,'All Students'!$N$2:$N$124,0))} -> 45 | G7: {=INDEX('All Students'!$H$2:$H$124,MATCH($A7,'All Students'!$N$2:$N$124,0))} -> 87.4 | H7: {=INDEX('All Students'!$L$2:$L$124,MATCH($A7,'All Students'!$N$2:$N$124,0))} -> 77.9 | I7: {=INDEX('All Students'!$M$2:$M$124,MATCH($A7,'All Students'!$N$2:$N$124,0))} -> 77.772 | J7: {=IF(INDEX('All Students'!$Q$2:$Q$124,MATCH($A7,'All Students'!$N$2:$N$124,0))="","",INDEX('All Students'!$Q$2:$Q$124,MATCH($A7,'All Students'!$N$2:$N$124,0)))}
A8: 4 | B8: {=INDEX('All Students'!$A$2:$A$124,MATCH($A8,'All Students'!$N$2:$N$124,0))} -> E0123034 | C8: {=INDEX('All Students'!$B$2:$B$124,MATCH($A8,'All Students'!$N$2:$N$124,0))} -> Dhanuja Vidya T | D8: {=INDEX('All Students'!$C$2:$C$124,MATCH($A8,'All Students'!$N$2:$N$124,0))} -> B.Tech CSE-AIML | E8: {=IF(INDEX('All Students'!$D$2:$D$124,MATCH($A8,'All Students'!$N$2:$N$124,0))=1,INDEX('All Students'!$E$2:$E$124,MATCH($A8,'All Students'!$N$2:$N$124,0)),"No — data pick")} -> AIML | F8: {=INDEX('All Students'!$F$2:$F$124,MATCH($A8,'All Students'!$N$2:$N$124,0))} -> 34 | G8: {=INDEX('All Students'!$H$2:$H$124,MATCH($A8,'All Students'!$N$2:$N$124,0))} -> 82.5 | H8: {=INDEX('All Students'!$L$2:$L$124,MATCH($A8,'All Students'!$N$2:$N$124,0))} -> 100 | I8: {=INDEX('All Students'!$M$2:$M$124,MATCH($A8,'All Students'!$N$2:$N$124,0))} -> 76.482 | J8: {=IF(INDEX('All Students'!$Q$2:$Q$124,MATCH($A8,'All Students'!$N$2:$N$124,0))="","",INDEX('All Students'!$Q$2:$Q$124,MATCH($A8,'All Students'!$N$2:$N$124,0)))}
A9: 5 | B9: {=INDEX('All Students'!$A$2:$A$124,MATCH($A9,'All Students'!$N$2:$N$124,0))} -> E0423030 | C9: {=INDEX('All Students'!$B$2:$B$124,MATCH($A9,'All Students'!$N$2:$N$124,0))} -> Priyadharshini.H | D9: {=INDEX('All Students'!$C$2:$C$124,MATCH($A9,'All Students'!$N$2:$N$124,0))} -> B.Tech CSME-AIDA | E9: {=IF(INDEX('All Students'!$D$2:$D$124,MATCH($A9,'All Students'!$N$2:$N$124,0))=1,INDEX('All Students'!$E$2:$E$124,MATCH($A9,'All Students'!$N$2:$N$124,0)),"No — data pick")} -> MED | F9: {=INDEX('All Students'!$F$2:$F$124,MATCH($A9,'All Students'!$N$2:$N$124,0))} -> 32 | G9: {=INDEX('All Students'!$H$2:$H$124,MATCH($A9,'All Students'!$N$2:$N$124,0))} -> 75.6 | H9: {=INDEX('All Students'!$L$2:$L$124,MATCH($A9,'All Students'!$N$2:$N$124,0))} -> 100 | I9: {=INDEX('All Students'!$M$2:$M$124,MATCH($A9,'All Students'!$N$2:$N$124,0))} -> 76.174 | J9: {=IF(INDEX('All Students'!$Q$2:$Q$124,MATCH($A9,'All Students'!$N$2:$N$124,0))="","",INDEX('All Students'!$Q$2:$Q$124,MATCH($A9,'All Students'!$N$2:$N$124,0)))}
A10: 6 | B10: {=INDEX('All Students'!$A$2:$A$124,MATCH($A10,'All Students'!$N$2:$N$124,0))} -> E0423002 | C10: {=INDEX('All Students'!$B$2:$B$124,MATCH($A10,'All Students'!$N$2:$N$124,0))} -> Nikhilesh | D10: {=INDEX('All Students'!$C$2:$C$124,MATCH($A10,'All Students'!$N$2:$N$124,0))} -> B.Tech CSME-AIDA | E10: {=IF(INDEX('All Students'!$D$2:$D$124,MATCH($A10,'All Students'!$N$2:$N$124,0))=1,INDEX('All Students'!$E$2:$E$124,MATCH($A10,'All Students'!$N$2:$N$124,0)),"No — data pick")} -> MED | F10: {=INDEX('All Students'!$F$2:$F$124,MATCH($A10,'All Students'!$N$2:$N$124,0))} -> 28 | G10: {=INDEX('All Students'!$H$2:$H$124,MATCH($A10,'All Students'!$N$2:$N$124,0))} -> 92.9 | H10: {=INDEX('All Students'!$L$2:$L$124,MATCH($A10,'All Students'!$N$2:$N$124,0))} -> 86.3 | I10: {=INDEX('All Students'!$M$2:$M$124,MATCH($A10,'All Students'!$N$2:$N$124,0))} -> 75.463 | J10: {=IF(INDEX('All Students'!$Q$2:$Q$124,MATCH($A10,'All Students'!$N$2:$N$124,0))="","",INDEX('All Students'!$Q$2:$Q$124,MATCH($A10,'All Students'!$N$2:$N$124,0)))}
A11: 7 | B11: {=INDEX('All Students'!$A$2:$A$124,MATCH($A11,'All Students'!$N$2:$N$124,0))} -> E0323040 | C11: {=INDEX('All Students'!$B$2:$B$124,MATCH($A11,'All Students'!$N$2:$N$124,0))} -> DARSHAN V | D11: {=INDEX('All Students'!$C$2:$C$124,MATCH($A11,'All Students'!$N$2:$N$124,0))} -> B.Tech CSE-AIDA | E11: {=IF(INDEX('All Students'!$D$2:$D$124,MATCH($A11,'All Students'!$N$2:$N$124,0))=1,INDEX('All Students'!$E$2:$E$124,MATCH($A11,'All Students'!$N$2:$N$124,0)),"No — data pick")} -> AIDA | F11: {=INDEX('All Students'!$F$2:$F$124,MATCH($A11,'All Students'!$N$2:$N$124,0))} -> 42 | G11: {=INDEX('All Students'!$H$2:$H$124,MATCH($A11,'All Students'!$N$2:$N$124,0))} -> 72.5 | H11: {=INDEX('All Students'!$L$2:$L$124,MATCH($A11,'All Students'!$N$2:$N$124,0))} -> 90.9 | I11: {=INDEX('All Students'!$M$2:$M$124,MATCH($A11,'All Students'!$N$2:$N$124,0))} -> 73.169 | J11: {=IF(INDEX('All Students'!$Q$2:$Q$124,MATCH($A11,'All Students'!$N$2:$N$124,0))="","",INDEX('All Students'!$Q$2:$Q$124,MATCH($A11,'All Students'!$N$2:$N$124,0)))} -> Scores in bottom third of test-takers
A12: 8 | B12: {=INDEX('All Students'!$A$2:$A$124,MATCH($A12,'All Students'!$N$2:$N$124,0))} -> E0123021 | C12: {=INDEX('All Students'!$B$2:$B$124,MATCH($A12,'All Students'!$N$2:$N$124,0))} -> Koshree V | D12: {=INDEX('All Students'!$C$2:$C$124,MATCH($A12,'All Students'!$N$2:$N$124,0))} -> B.Tech CSE-AIML | E12: {=IF(INDEX('All Students'!$D$2:$D$124,MATCH($A12,'All Students'!$N$2:$N$124,0))=1,INDEX('All Students'!$E$2:$E$124,MATCH($A12,'All Students'!$N$2:$N$124,0)),"No — data pick")} -> AIML | F12: {=INDEX('All Students'!$F$2:$F$124,MATCH($A12,'All Students'!$N$2:$N$124,0))} -> 29 | G12: {=INDEX('All Students'!$H$2:$H$124,MATCH($A12,'All Students'!$N$2:$N$124,0))} -> 82.2 | H12: {=INDEX('All Students'!$L$2:$L$124,MATCH($A12,'All Students'!$N$2:$N$124,0))} -> 91.8 | I12: {=INDEX('All Students'!$M$2:$M$124,MATCH($A12,'All Students'!$N$2:$N$124,0))} -> 72.559 | J12: {=IF(INDEX('All Students'!$Q$2:$Q$124,MATCH($A12,'All Students'!$N$2:$N$124,0))="","",INDEX('All Students'!$Q$2:$Q$124,MATCH($A12,'All Students'!$N$2:$N$124,0)))}
A13: 9 | B13: {=INDEX('All Students'!$A$2:$A$124,MATCH($A13,'All Students'!$N$2:$N$124,0))} -> E0123049 | C13: {=INDEX('All Students'!$B$2:$B$124,MATCH($A13,'All Students'!$N$2:$N$124,0))} -> Srinath A | D13: {=INDEX('All Students'!$C$2:$C$124,MATCH($A13,'All Students'!$N$2:$N$124,0))} -> B.Tech CSE-AIML | E13: {=IF(INDEX('All Students'!$D$2:$D$124,MATCH($A13,'All Students'!$N$2:$N$124,0))=1,INDEX('All Students'!$E$2:$E$124,MATCH($A13,'All Students'!$N$2:$N$124,0)),"No — data pick")} -> AIML | F13: {=INDEX('All Students'!$F$2:$F$124,MATCH($A13,'All Students'!$N$2:$N$124,0))} -> 26 | G13: {=INDEX('All Students'!$H$2:$H$124,MATCH($A13,'All Students'!$N$2:$N$124,0))} -> 91.2 | H13: {=INDEX('All Students'!$L$2:$L$124,MATCH($A13,'All Students'!$N$2:$N$124,0))} -> 91.8 | I13: {=INDEX('All Students'!$M$2:$M$124,MATCH($A13,'All Students'!$N$2:$N$124,0))} -> 71.822 | J13: {=IF(INDEX('All Students'!$Q$2:$Q$124,MATCH($A13,'All Students'!$N$2:$N$124,0))="","",INDEX('All Students'!$Q$2:$Q$124,MATCH($A13,'All Students'!$N$2:$N$124,0)))}
A14: 10 | B14: {=INDEX('All Students'!$A$2:$A$124,MATCH($A14,'All Students'!$N$2:$N$124,0))} -> E0123015 | C14: {=INDEX('All Students'!$B$2:$B$124,MATCH($A14,'All Students'!$N$2:$N$124,0))} -> Leela Nandha Kishore K S | D14: {=INDEX('All Students'!$C$2:$C$124,MATCH($A14,'All Students'!$N$2:$N$124,0))} -> B.Tech CSE-AIML | E14: {=IF(INDEX('All Students'!$D$2:$D$124,MATCH($A14,'All Students'!$N$2:$N$124,0))=1,INDEX('All Students'!$E$2:$E$124,MATCH($A14,'All Students'!$N$2:$N$124,0)),"No — data pick")} -> AIML | F14: {=INDEX('All Students'!$F$2:$F$124,MATCH($A14,'All Students'!$N$2:$N$124,0))} -> 17 | G14: {=INDEX('All Students'!$H$2:$H$124,MATCH($A14,'All Students'!$N$2:$N$124,0))} -> 96.8 | H14: {=INDEX('All Students'!$L$2:$L$124,MATCH($A14,'All Students'!$N$2:$N$124,0))} -> 85.7 | I14: {=INDEX('All Students'!$M$2:$M$124,MATCH($A14,'All Students'!$N$2:$N$124,0))} -> 71.73 | J14: {=IF(INDEX('All Students'!$Q$2:$Q$124,MATCH($A14,'All Students'!$N$2:$N$124,0))="","",INDEX('All Students'!$Q$2:$Q$124,MATCH($A14,'All Students'!$N$2:$N$124,0)))} -> Only 17/52 tests taken
A15: 11 | B15: {=INDEX('All Students'!$A$2:$A$124,MATCH($A15,'All Students'!$N$2:$N$124,0))} -> E0123007 | C15: {=INDEX('All Students'!$B$2:$B$124,MATCH($A15,'All Students'!$N$2:$N$124,0))} -> GOKUL B | D15: {=INDEX('All Students'!$C$2:$C$124,MATCH($A15,'All Students'!$N$2:$N$124,0))} -> B.Tech CSE-AIML | E15: {=IF(INDEX('All Students'!$D$2:$D$124,MATCH($A15,'All Students'!$N$2:$N$124,0))=1,INDEX('All Students'!$E$2:$E$124,MATCH($A15,'All Students'!$N$2:$N$124,0)),"No — data pick")} -> AIML | F15: {=INDEX('All Students'!$F$2:$F$124,MATCH($A15,'All Students'!$N$2:$N$124,0))} -> 23 | G15: {=INDEX('All Students'!$H$2:$H$124,MATCH($A15,'All Students'!$N$2:$N$124,0))} -> 80.6 | H15: {=INDEX('All Students'!$L$2:$L$124,MATCH($A15,'All Students'!$N$2:$N$124,0))} -> 100 | I15: {=INDEX('All Students'!$M$2:$M$124,MATCH($A15,'All Students'!$N$2:$N$124,0))} -> 71.103 | J15: {=IF(INDEX('All Students'!$Q$2:$Q$124,MATCH($A15,'All Students'!$N$2:$N$124,0))="","",INDEX('All Students'!$Q$2:$Q$124,MATCH($A15,'All Students'!$N$2:$N$124,0)))}
A16: 12 | B16: {=INDEX('All Students'!$A$2:$A$124,MATCH($A16,'All Students'!$N$2:$N$124,0))} -> E0423028 | C16: {=INDEX('All Students'!$B$2:$B$124,MATCH($A16,'All Students'!$N$2:$N$124,0))} -> Prasanna T | D16: {=INDEX('All Students'!$C$2:$C$124,MATCH($A16,'All Students'!$N$2:$N$124,0))} -> B.Tech CSME-AIDA | E16: {=IF(INDEX('All Students'!$D$2:$D$124,MATCH($A16,'All Students'!$N$2:$N$124,0))=1,INDEX('All Students'!$E$2:$E$124,MATCH($A16,'All Students'!$N$2:$N$124,0)),"No — data pick")} -> No — data pick | F16: {=INDEX('All Students'!$F$2:$F$124,MATCH($A16,'All Students'!$N$2:$N$124,0))} -> 41 | G16: {=INDEX('All Students'!$H$2:$H$124,MATCH($A16,'All Students'!$N$2:$N$124,0))} -> 93.2 | H16: {=INDEX('All Students'!$L$2:$L$124,MATCH($A16,'All Students'!$N$2:$N$124,0))} -> 98.6 | I16: {=INDEX('All Students'!$M$2:$M$124,MATCH($A16,'All Students'!$N$2:$N$124,0))} -> 70.742 | J16: {=IF(INDEX('All Students'!$Q$2:$Q$124,MATCH($A16,'All Students'!$N$2:$N$124,0))="","",INDEX('All Students'!$Q$2:$Q$124,MATCH($A16,'All Students'!$N$2:$N$124,0)))} -> Top-15 on data but not handpicked
... A44: 40 | B44: {=INDEX('All Students'!$A$2:$A$124,MATCH($A44,'All Students'!$N$2:$N$124,0))} -> E0423003 | C44: {=INDEX('All Students'!$B$2:$B$124,MATCH($A44,'All Students'!$N$2:$N$124,0))} -> Tarani V | D44: {=INDEX('All Students'!$C$2:$C$124,MATCH($A44,'All Students'!$N$2:$N$124,0))} -> B.Tech CSME-AIDA | E44: {=IF(INDEX('All Students'!$D$2:$D$124,MATCH($A44,'All Students'!$N$2:$N$124,0))=1,INDEX('All Students'!$E$2:$E$124,MATCH($A44,'All Students'!$N$2:$N$124,0)),"No — data pick")} -> MED | F44: {=INDEX('All Students'!$F$2:$F$124,MATCH($A44,'All Students'!$N$2:$N$124,0))} -> 36 | G44: {=INDEX('All Students'!$H$2:$H$124,MATCH($A44,'All Students'!$N$2:$N$124,0))} -> 59.5 | H44: {=INDEX('All Students'!$L$2:$L$124,MATCH($A44,'All Students'!$N$2:$N$124,0))} -> 67.1 | I44: {=INDEX('All Students'!$M$2:$M$124,MATCH($A44,'All Students'!$N$2:$N$124,0))} -> 59.649 | J44: {=IF(INDEX('All Students'!$Q$2:$Q$124,MATCH($A44,'All Students'!$N$2:$N$124,0))="","",INDEX('All Students'!$Q$2:$Q$124,MATCH($A44,'All Students'!$N$2:$N$124,0)))} -> Scores in bottom third of test-takers

Sheet Weights & Method
A1: SRET 2027 — Top 40 Selection Model
A3: Weight | B3: Value
A4: Test performance (PrepInsta) | B4: 0.55
A5: Class attendance | B5: 0.3
A6: Handpicked (classroom attitude) | B6: 0.15
A7: Check: total | B7: {=B4+B5+B6} -> 1
A9: Inside the test score
A10: Skill (avg percentile rank on tests taken) | B10: 0.6
A11: Participation (tests taken) | B11: 0.4
A13: Selection size | B13: 40
A15: How each component is built
A16: Skill | B16: For each of the 52 PrepInsta tests (PI001–PI052), a student's score is converted to a percentile rank among the students who took that test, so hard and easy tests count equally. Averaged over tests taken, then pulled toward 50 by 5 "phantom" tests so a student with 5 lucky attempts does not outrank someone with 45 solid ones.
A17: Participation | B17: 50% share of all 52 tests taken + 50% share of the 35 tests since 31 Aug (PI018 onward), so recent engagement counts more.
A18: Attendance | B18: Duration-weighted attendance % from the Master Attendance Tracker (data as of 29 Aug 2026 — later sessions are not in that file).
A19: Handpicked | B19: 1 if the student is on your classroom-attitude list (35 students), else 0. Worth 15 points out of 100 at the default weight.
A20: Final score | B20: Final = wTest × TestScore + wAttendance × Attendance% + wHandpicked × 100 × Handpicked. Change the blue cells above and every rank and the Top 40 sheet update.
A21: Note | B21: Your list had Advaita as E0223008 and Athena as E0223009; the trackers have them the other way round (E0223008 = Athena Caleb, E0223009 = Advaita Suresh). Both are handpicked, so the result is unaffected. "Priya H" matched E0423030 Priyadharshini.H; "Tarini" = Tarani V; "Hashmitha" = S.H.ASHMITHA.

Sheet All Students
A1: Reg No. | B1: Name | C1: Department | D1: Handpicked (1/0) | E1: Handpicked group | F1: Tests taken /52 | G1: Tests since 31 Aug /35 | H1: Avg score % (tests taken) | I1: Skill (percentile, 0-100) | J1: Participation (0-100) | K1: Test score | L1: Attendance % | M1: Final score | N1: Rank | O1: Top 40? | P1: Data-only rank | Q1: Flags
A2: E0223008 | B2: Athena Caleb | C2: B.Tech CSE-CSIOT | D2: 1 | E2: CYBER | F2: 48 | G2: 33 | H2: 91.5 | I2: 64.3 | J2: 93.3 | K2: {='Weights & Method'!$B$10*I2+'Weights & Method'!$B$11*J2} -> 75.9 | L2: 94.5 | M2: {='Weights & Method'!$B$4*K2+'Weights & Method'!$B$5*L2+'Weights & Method'!$B$6*100*D2} -> 85.095 | N2: {=RANK(M2,$M$2:$M$124)+COUNTIF($M$2:M2,M2)-1} -> 1 | O2: {=IF(N2<='Weights & Method'!$B$13,"Yes","No")} -> Yes | P2: 2
A3: E0223003 | B3: Shansita S | C3: B.Tech CSE-CSIOT | D3: 1 | E3: CYBER | F3: 44 | G3: 28 | H3: 85 | I3: 59.4 | J3: 82.3 | K3: {='Weights & Method'!$B$10*I3+'Weights & Method'!$B$11*J3} -> 68.56 | L3: 93.5 | M3: {='Weights & Method'!$B$4*K3+'Weights & Method'!$B$5*L3+'Weights & Method'!$B$6*100*D3} -> 80.758 | N3: {=RANK(M3,$M$2:$M$124)+COUNTIF($M$2:M3,M3)-1} -> 2 | O3: {=IF(N3<='Weights & Method'!$B$13,"Yes","No")} -> Yes | P3: 5
A4: E0223028 | B4: Neelesh K | C4: B.Tech CSE-CSIOT | D4: 1 | E4: CYBER | F4: 32 | G4: 22 | H4: 81.1 | I4: 51.6 | J4: 62.2 | K4: {='Weights & Method'!$B$10*I4+'Weights & Method'!$B$11*J4} -> 55.84 | L4: 79.5 | M4: {='Weights & Method'!$B$4*K4+'Weights & Method'!$B$5*L4+'Weights & Method'!$B$6*100*D4} -> 69.562 | N4: 15 | O4: {=IF(N4<='Weights & Method'!$B$13,"Yes","No")} -> Yes | P4: 32
A5: E0223002 | B5: Jacelyn Felcita J | C5: B.Tech CSE-CSIOT | D5: 0 | E5: CYBER | F5: 45 | G5: 31 | H5: 90.7 | I5: 69.3 | J5: 87.6 | K5: {='Weights & Method'!$B$10*I5+'Weights & Method'!$B$11*J5} -> 76.62 | L5: 89 | M5: {='Weights & Method'!$B$4*K5+'Weights & Method'!$B$5*L5+'Weights & Method'!$B$6*100*D5} -> 68.841 | N5: 16 | O5: {=IF(N5<='Weights & Method'!$B$13,"Yes","No")} -> Yes | P5: 3 | Q5: Top-15 on data but not handpicked
A6: E0223017 | B6: Arjun V | C6: B.Tech CSE-CSIOT | D6: 1 | E6: CYBER | F6: 18 | G6: 5 | H6: 91 | I6: 69.1 | J6: 24.5 | K6: {='Weights & Method'!$B$10*I6+'Weights & Method'!$B$11*J6} -> 51.26 | L6: 82.6 | M6: {='Weights & Method'!$B$4*K6+'Weights & Method'!$B$5*L6+'Weights & Method'!$B$6*100*D6} -> 67.973 | N6: 17 | O6: {=IF(N6<='Weights & Method'!$B$13,"Yes","No")} -> Yes | P6: 38 | Q6: Only 18/52 tests taken; Mostly inactive on tests since 31 Aug (5/35)
A7: E0223011 | B7: Yuvaraj R | C7: B.Tech CSE-CSIOT | D7: 1 | E7: CYBER | F7: 28 | G7: 14 | H7: 75.9 | I7: 48.5 | J7: 46.9 | K7: {='Weights & Method'!$B$10*I7+'Weights & Method'!$B$11*J7} -> 47.86 | L7: 87.3 | M7: {='Weights & Method'!$B$4*K7+'Weights & Method'!$B$5*L7+'Weights & Method'!$B$6*100*D7} -> 67.513 | N7: 20 | O7: {=IF(N7<='Weights & Method'!$B$13,"Yes","No")} -> Yes | P7: 42
A8: E0223006 | B8: Naveen Sekhar | C8: B.Tech CSE-CSIOT | D8: 1 | E8: CYBER | F8: 17 | G8: 6 | H8: 83.2 | I8: 56.7 | J8: 24.9 | K8: {='Weights & Method'!$B$10*I8+'Weights & Method'!$B$11*J8} -> 43.98 | L8: 93.5 | M8: {='Weights & Method'!$B$4*K8+'Weights & Method'!$B$5*L8+'Weights & Method'!$B$6*100*D8} -> 67.239 | N8: 21 | O8: {=IF(N8<='Weights & Method'!$B$13,"Yes","No")} -> Yes | P8: 43 | Q8: Only 17/52 tests taken; Mostly inactive on tests since 31 Aug (6/35)
A9: E0223014 | B9: Mehul V A | C9: B.Tech CSE-CSIOT | D9: 1 | E9: CYBER | F9: 27 | G9: 14 | H9: 68.5 | I9: 38.3 | J9: 46 | K9: {='Weights & Method'!$B$10*I9+'Weights & Method'!$B$11*J9} -> 41.38 | L9: 94.5 | M9: {='Weights & Method'!$B$4*K9+'Weights & Method'!$B$5*L9+'Weights & Method'!$B$6*100*D9} -> 66.109 | N9: 26 | O9: {=IF(N9<='Weights & Method'!$B$13,"Yes","No")} -> Yes | P9: 52 | Q9: Scores in bottom third of test-takers
A10: E0223009 | B10: Advaita Suresh | C10: B.Tech CSE-CSIOT | D10: 1 | E10: CYBER | F10: 27 | G10: 16 | H10: 55.4 | I10: 30.7 | J10: 48.8 | K10: {='Weights & Method'!$B$10*I10+'Weights & Method'!$B$11*J10} -> 37.94 | L10: 84.1 | M10: {='Weights & Method'!$B$4*K10+'Weights & Method'!$B$5*L10+'Weights & Method'!$B$6*100*D10} -> 61.097 | N10: 37 | O10: {=IF(N10<='Weights & Method'!$B$13,"Yes","No")} -> Yes | P10: 68 | Q10: Scores in bottom third of test-takers
A11: E0223020 | B11: Rujita Balamurugan | C11: B.Tech CSE-CSIOT | D11: 1 | E11: CYBER | F11: 30 | G11: 21 | H11: 78.4 | I11: 47.8 | J11: 58.8 | K11: {='Weights & Method'!$B$10*I11+'Weights & Method'!$B$11*J11} -> 52.2 | L11: 56.2 | M11: {='Weights & Method'!$B$4*K11+'Weights & Method'!$B$5*L11+'Weights & Method'!$B$6*100*D11} -> 60.57 | N11: 38 | O11: {=IF(N11<='Weights & Method'!$B$13,"Yes","No")} -> Yes | P11: 69 | Q11: Class attendance 56%
A12: E0223016 | B12: Kavin Mathi G R | C12: B.Tech CSE-CSIOT | D12: 0 | E12: CYBER | F12: 42 | G12: 27 | H12: 65.9 | I12: 38.4 | J12: 79 | K12: {='Weights & Method'!$B$10*I12+'Weights & Method'!$B$11*J12} -> 54.64 | L12: 98.6 | M12: {='Weights & Method'!$B$4*K12+'Weights & Method'!$B$5*L12+'Weights & Method'!$B$6*100*D12} -> 59.632 | N12: 41 | O12: {=IF(N12<='Weights & Method'!$B$13,"Yes","No")} -> No | P12: 16 | Q12: Scores in bottom third of test-takers
A13: E0223023 | B13: Sethukannan M | C13: B.Tech CSE-CSIOT | D13: 0 | E13: CYBER | F13: 30 | G13: 17 | H13: 82.9 | I13: 57.5 | J13: 53.1 | K13: {='Weights & Method'!$B$10*I13+'Weights & Method'!$B$11*J13} -> 55.74 | L13: 83.3 | M13: {='Weights & Method'!$B$4*K13+'Weights & Method'!$B$5*L13+'Weights & Method'!$B$6*100*D13} -> 55.647 | N13: 50 | O13: {=IF(N13<='Weights & Method'!$B$13,"Yes","No")} -> No | P13: 28
A14: E0223027 | B14: S S Yogalakshmi | C14: B.Tech CSE-CSIOT | D14: 0 | E14: CYBER | F14: 34 | G14: 19 | H14: 77.7 | I14: 51.1 | J14: 59.8 | K14: {='Weights & Method'!$B$10*I14+'Weights & Method'!$B$11*J14} -> 54.58 | L14: 84.8 | M14: {='Weights & Method'!$B$4*K14+'Weights & Method'!$B$5*L14+'Weights & Method'!$B$6*100*D14} -> 55.459 | N14: 51 | O14: {=IF(N14<='Weights & Method'!$B$13,"Yes","No")} -> No | P14: 29
A15: E0223013 | B15: Harini S | C15: B.Tech CSE-CSIOT | D15: 0 | E15: CYBER | F15: 34 | G15: 21 | H15: 61.3 | I15: 30.5 | J15: 62.7 | K15: {='Weights & Method'!$B$10*I15+'Weights & Method'!$B$11*J15} -> 43.38 | L15: 84.9 | M15: {='Weights & Method'!$B$4*K15+'Weights & Method'!$B$5*L15+'Weights & Method'!$B$6*100*D15} -> 49.329 | N15: 65 | O15: {=IF(N15<='Weights & Method'!$B$13,"Yes","No")} -> No | P15: 54 | Q15: Scores in bottom third of test-takers
A16: E0223007 | B16: Midhun K | C16: B.Tech CSE-CSIOT | D16: 0 | E16: CYBER | F16: 10 | G16: 3 | H16: 79.5 | I16: 53.7 | J16: 13.9 | K16: {='Weights & Method'!$B$10*I16+'Weights & Method'!$B$11*J16} -> 37.78 | L16: 89 | M16: {='Weights & Method'!$B$4*K16+'Weights & Method'!$B$5*L16+'Weights & Method'!$B$6*100*D16} -> 47.479 | N16: 75 | O16: {=IF(N16<='Weights & Method'!$B$13,"Yes","No")} -> No | P16: 65 | Q16: Only 10/52 tests taken; Mostly inactive on tests since 31 Aug (3/35)
A17: E0223024 | B17: Balaji S | C17: B.Tech CSE-CSIOT | D17: 0 | E17: CYBER | F17: 14 | G17: 5 | H17: 47.5 | I17: 27.2 | J17: 20.6 | K17: {='Weights & Method'!$B$10*I17+'Weights & Method'!$B$11*J17} -> 24.56 | L17: 100 | M17: {='Weights & Method'!$B$4*K17+'Weights & Method'!$B$5*L17+'Weights & Method'!$B$6*100*D17} -> 43.508 | N17: 79 | O17: {=IF(N17<='Weights & Method'!$B$13,"Yes","No")} -> No | P17: 75 | Q17: Only 14/52 tests taken; Mostly inactive on tests since 31 Aug (5/35); Scores in bottom third of test-takers
A18: E0223001 | B18: Vignesh R | C18: B.Tech CSE-CSIOT | D18: 0 | E18: CYBER | F18: 2 | G18: 0 | H18: 52.4 | I18: 43.3 | J18: 1.9 | K18: {='Weights & Method'!$B$10*I18+'Weights & Method'!$B$11*J18} -> 26.74 | L18: 93.2 | M18: {='Weights & Method'!$B$4*K18+'Weights & Method'!$B$5*L18+'Weights & Method'!$B$6*100*D18} -> 42.667 | N18: 82 | O18: {=IF(N18<='Weights & Method'!$B$13,"Yes","No")} -> No | P18: 78 | Q18: Only 2/52 tests taken; Mostly inactive on tests since 31 Aug (0/35)
A19: E0223030 | B19: Dharani S | C19: B.Tech CSE-CSIOT | D19: 0 | E19: CYBER | F19: 10 | G19: 7 | H19: 91.7 | I19: 51.7 | J19: 19.6 | K19: {='Weights & Method'!$B$10*I19+'Weights & Method'!$B$11*J19} -> 38.86 | L19: 67.6 | M19: {='Weights & Method'!$B$4*K19+'Weights & Method'!$B$5*L19+'Weights & Method'!$B$6*100*D19} -> 41.653 | N19: 85 | O19: {=IF(N19<='Weights & Method'!$B$13,"Yes","No")} -> No | P19: 83 | Q19: Only 10/52 tests taken
A20: E0223015 | B20: Vimalraj P | C20: B.Tech CSE-CSIOT | D20: 0 | E20: CYBER | F20: 11 | G20: 6 | H20: 10.2 | I20: 19 | J20: 19.1 | K20: {='Weights & Method'!$B$10*I20+'Weights & Method'!$B$11*J20} -> 19.04 | L20: 100 | M20: {='Weights & Method'!$B$4*K20+'Weights & Method'!$B$5*L20+'Weights & Method'!$B$6*100*D20} -> 40.472 | N20: 89 | O20: {=IF(N20<='Weights & Method'!$B$13,"Yes","No")} -> No | P20: 89 | Q20: Only 11/52 tests taken; Mostly inactive on tests since 31 Aug (6/35); Scores in bottom third of test-takers
A21: E0223022 | B21: Navadeep K M | C21: B.Tech CSE-CSIOT | D21: 0 | E21: CYBER | F21: 8 | G21: 2 | H21: 66.5 | I21: 44.3 | J21: 10.5 | K21: {='Weights & Method'!$B$10*I21+'Weights & Method'!$B$11*J21} -> 30.78 | L21: 51.5 | M21: {='Weights & Method'!$B$4*K21+'Weights & Method'!$B$5*L21+'Weights & Method'!$B$6*100*D21} -> 32.379 | N21: 104 | O21: {=IF(N21<='Weights & Method'!$B$13,"Yes","No")} -> No | P21: 104 | Q21: Only 8/52 tests taken; Mostly inactive on tests since 31 Aug (2/35); Class attendance 52%
A22: E0223019 | B22: Mohammed Nasrullah M | C22: B.Tech CSE-CSIOT | D22: 0 | E22: CYBER | F22: 0 | G22: 0 | I22: 0 | J22: 0 | K22: {='Weights & Method'!$B$10*I22+'Weights & Method'!$B$11*J22} -> 0 | L22: 82.2 | M22: {='Weights & Method'!$B$4*K22+'Weights & Method'!$B$5*L22+'Weights & Method'!$B$6*100*D22} -> 24.66 | N22: 112 | O22: {=IF(N22<='Weights & Method'!$B$13,"Yes","No")} -> No | P22: 112 | Q22: Only 0/52 tests taken; Mostly inactive on tests since 31 Aug (0/35)
A23: E0223029 | B23: Vishal | C23: B.Tech CSE-CSIOT | D23: 0 | E23: CYBER | F23: 0 | G23: 0 | I23: 0 | J23: 0 | K23: {='Weights & Method'!$B$10*I23+'Weights & Method'!$B$11*J23} -> 0 | L23: 0 | M23: {='Weights & Method'!$B$4*K23+'Weights & Method'!$B$5*L23+'Weights & Method'!$B$6*100*D23} -> 0 | N23: {=RANK(M23,$M$2:$M$124)+COUNTIF($M$2:M124,M23)-1} -> 123 | O23: {=IF(N23<='Weights & Method'!$B$13,"Yes","No")} -> No | P23: 123 | Q23: Only 0/52 tests taken; Mostly inactive on tests since 31 Aug (0/35); Class attendance 0%
A24: E0323011 | B24: Nithish Kumar | C24: B.Tech CSE-AIDA | D24: 1 | E24: AIDA | F24: 45 | G24: 31 | H24: 87.4 | I24: 61 | J24: 87.6 | K24: {='Weights & Method'!$B$10*I24+'Weights & Method'!$B$11*J24} -> 71.64 | L24: 77.9 | M24: {='Weights & Method'!$B$4*K24+'Weights & Method'!$B$5*L24+'Weights & Method'!$B$6*100*D24} -> 77.772 | N24: 3 | O24: {=IF(N24<='Weights & Method'!$B$13,"Yes","No")} -> Yes | P24: 9
A25: E0323040 | B25: DARSHAN V | C25: B.Tech CSE-AIDA | D25: 1 | E25: AIDA | F25: 42 | G25: 29 | H25: 72.5 | I25: 39.1 | J25: 81.8 | K25: {='Weights & Method'!$B$10*I25+'Weights & Method'!$B$11*J25} -> 56.18 | L25: 90.9 | M25: {='Weights & Method'!$B$4*K25+'Weights & Method'!$B$5*L25+'Weights & Method'!$B$6*100*D25} -> 73.169 | N25: 7 | O25: {=IF(N25<='Weights & Method'!$B$13,"Yes","No")} -> Yes | P25: 20 | Q25: Scores in bottom third of test-takers
A26: E0323029 | B26: Ganesh K | C26: B.Tech CSE-AIDA | D26: 1 | E26: AIDA | F26: 33 | G26: 21 | H26: 72.2 | I26: 49 | J26: 61.7 | K26: {='Weights & Method'!$B$10*I26+'Weights & Method'!$B$11*J26} -> 54.08 | L26: 85.7 | M26: {='Weights & Method'!$B$4*K26+'Weights & Method'!$B$5*L26+'Weights & Method'!$B$6*100*D26} -> 70.454 | N26: 13 | O26: {=IF(N26<='Weights & Method'!$B$13,"Yes","No")} -> Yes | P26: 30
A27: E0323048 | B27: Tejaswini.R.J | C27: B.Tech CSE-AIDA | D27: 1 | E27: AIDA | F27: 28 | G27: 17 | H27: 74.7 | I27: 46.1 | J27: 51.2 | K27: {='Weights & Method'!$B$10*I27+'Weights & Method'!$B$11*J27} -> 48.14 | L27: 94.8 | M27: {='Weights & Method'!$B$4*K27+'Weights & Method'!$B$5*L27+'Weights & Method'!$B$6*100*D27} -> 69.917 | N27: 14 | O27: {=IF(N27<='Weights & Method'!$B$13,"Yes","No")} -> Yes | P27: 31
A28: E0323009 | B28: Varnika Ramesh | C28: B.Tech CSE-AIDA | D28: 1 | E28: AIDA | F28: 20 | G28: 7 | H28: 79.1 | I28: 58.8 | J28: 29.2 | K28: {='Weights & Method'!$B$10*I28+'Weights & Method'!$B$11*J28} -> 46.96 | L28: 89.6 | M28: {='Weights & Method'!$B$4*K28+'Weights & Method'!$B$5*L28+'Weights & Method'!$B$6*100*D28} -> 67.708 | N28: 18 | O28: {=IF(N28<='Weights & Method'!$B$13,"Yes","No")} -> Yes | P28: 40
A29: E0323014 | B29: Sharmila S | C29: B.Tech CSE-AIDA | D29: 1 | E29: AIDA | F29: 32 | G29: 28 | H29: 81.4 | I29: 57.7 | J29: 70.8 | K29: {='Weights & Method'!$B$10*I29+'Weights & Method'!$B$11*J29} -> 62.94 | L29: 60.3 | M29: {='Weights & Method'!$B$4*K29+'Weights & Method'!$B$5*L29+'Weights & Method'!$B$6*100*D29} -> 67.707 | N29: 19 | O29: {=IF(N29<='Weights & Method'!$B$13,"Yes","No")} -> Yes | P29: 39 | Q29: Class attendance 60%
A30: E0323019 | B30: SEJONE THOMAS FRANK | C30: B.Tech CSE-AIDA | D30: 0 | E30: AIDA | F30: 35 | G30: 21 | H30: 88.2 | I30: 60.4 | J30: 63.7 | K30: {='Weights & Method'!$B$10*I30+'Weights & Method'!$B$11*J30} -> 61.72 | L30: 92.2 | M30: {='Weights & Method'!$B$4*K30+'Weights & Method'!$B$5*L30+'Weights & Method'!$B$6*100*D30} -> 61.606 | N30: 35 | O30: {=IF(N30<='Weights & Method'!$B$13,"Yes","No")} -> Yes | P30: 12 | Q30: Top-15 on data but not handpicked
A31: E0323043 | B31: VEDHASRI K | C31: B.Tech CSE-AIDA | D31: 0 | E31: AIDA | F31: 36 | G31: 25 | H31: 70.2 | I31: 44 | J31: 70.3 | K31: {='Weights & Method'!$B$10*I31+'Weights & Method'!$B$11*J31} -> 54.52 | L31: 94.8 | M31: {='Weights & Method'!$B$4*K31+'Weights & Method'!$B$5*L31+'Weights & Method'!$B$6*100*D31} -> 58.426 | N31: 44 | O31: {=IF(N31<='Weights & Method'!$B$13,"Yes","No")} -> No | P31: 19
A32: E0323026 | B32: Madhu shree.D | C32: B.Tech CSE-AIDA | D32: 0 | E32: AIDA | F32: 31 | G32: 18 | H32: 78.4 | I32: 48.4 | J32: 55.5 | K32: {='Weights & Method'!$B$10*I32+'Weights & Method'!$B$11*J32} -> 51.24 | L32: 98.7 | M32: {='Weights & Method'!$B$4*K32+'Weights & Method'!$B$5*L32+'Weights & Method'!$B$6*100*D32} -> 57.792 | N32: 46 | O32: {=IF(N32<='Weights & Method'!$B$13,"Yes","No")} -> No | P32: 22
A33: E0323015 | B33: Yokesh kannan R | C33: B.Tech CSE-AIDA | D33: 0 | E33: AIDA | F33: 22 | G33: 12 | H33: 69.7 | I33: 45.3 | J33: 38.3 | K33: {='Weights & Method'!$B$10*I33+'Weights & Method'!$B$11*J33} -> 42.5 | L33: 100 | M33: {='Weights & Method'!$B$4*K33+'Weights & Method'!$B$5*L33+'Weights & Method'!$B$6*100*D33} -> 53.375 | N33: 54 | O33: {=IF(N33<='Weights & Method'!$B$13,"Yes","No")} -> No | P33: 36
A34: E0323045 | B34: T.kumaraguru | C34: B.Tech CSE-AIDA | D34: 0 | E34: AIDA | F34: 35 | G34: 22 | H34: 70.3 | I34: 41 | J34: 65.1 | K34: {='Weights & Method'!$B$10*I34+'Weights & Method'!$B$11*J34} -> 50.64 | L34: 84.4 | M34: {='Weights & Method'!$B$4*K34+'Weights & Method'!$B$5*L34+'Weights & Method'!$B$6*100*D34} -> 53.172 | N34: 56 | O34: {=IF(N34<='Weights & Method'!$B$13,"Yes","No")} -> No | P34: 37
A35: E0323012 | B35: Anu D | C35: B.Tech CSE-AIDA | D35: 0 | E35: AIDA | F35: 20 | G35: 7 | H35: 71.8 | I35: 51 | J35: 29.2 | K35: {='Weights & Method'!$B$10*I35+'Weights & Method'!$B$11*J35} -> 42.28 | L35: 96.1 | M35: {='Weights & Method'!$B$4*K35+'Weights & Method'!$B$5*L35+'Weights & Method'!$B$6*100*D35} -> 52.084 | N35: 58 | O35: {=IF(N35<='Weights & Method'!$B$13,"Yes","No")} -> No | P35: 44
A36: E0323022 | B36: S.Lokesh krishna | C36: B.Tech CSE-AIDA | D36: 0 | E36: AIDA | F36: 28 | G36: 17 | H36: 82 | I36: 53.8 | J36: 51.2 | K36: {='Weights & Method'!$B$10*I36+'Weights & Method'!$B$11*J36} -> 52.76 | L36: 68.8 | M36: {='Weights & Method'!$B$4*K36+'Weights & Method'!$B$5*L36+'Weights & Method'!$B$6*100*D36} -> 49.658 | N36: 64 | O36: {=IF(N36<='Weights & Method'!$B$13,"Yes","No")} -> No | P36: 53
A37: E0323024 | B37: Jaswant raj GV | C37: B.Tech CSE-AIDA | D37: 0 | E37: AIDA | F37: 25 | G37: 14 | H37: 75.1 | I37: 46.9 | J37: 44 | K37: {='Weights & Method'!$B$10*I37+'Weights & Method'!$B$11*J37} -> 45.74 | L37: 79.5 | M37: {='Weights & Method'!$B$4*K37+'Weights & Method'!$B$5*L37+'Weights & Method'!$B$6*100*D37} -> 49.007 | N37: 66 | O37: {=IF(N37<='Weights & Method'!$B$13,"Yes","No")} -> No | P37: 55
A38: E0323042 | B38: Dejhovathiyan S | C38: B.Tech CSE-AIDA | D38: 0 | E38: AIDA | F38: 33 | G38: 22 | H38: 45.9 | I38: 23.4 | J38: 63.2 | K38: {='Weights & Method'!$B$10*I38+'Weights & Method'!$B$11*J38} -> 39.32 | L38: 89.6 | M38: {='Weights & Method'!$B$4*K38+'Weights & Method'!$B$5*L38+'Weights & Method'!$B$6*100*D38} -> 48.506 | N38: 70 | O38: {=IF(N38<='Weights & Method'!$B$13,"Yes","No")} -> No | P38: 62 | Q38: Scores in bottom third of test-takers
A39: E0323039 | B39: Divakar V | C39: B.Tech CSE-AIDA | D39: 0 | E39: AIDA | F39: 13 | G39: 4 | H39: 79.1 | I39: 60.4 | J39: 18.2 | K39: {='Weights & Method'!$B$10*I39+'Weights & Method'!$B$11*J39} -> 43.52 | L39: 81.8 | M39: {='Weights & Method'!$B$4*K39+'Weights & Method'!$B$5*L39+'Weights & Method'!$B$6*100*D39} -> 48.476 | N39: 71 | O39: {=IF(N39<='Weights & Method'!$B$13,"Yes","No")} -> No | P39: 61 | Q39: Only 13/52 tests taken; Mostly inactive on tests since 31 Aug (4/35)
A40: E0323030 | B40: Ajith Jayya Surya.E | C40: B.Tech CSE-AIDA | D40: 0 | E40: AIDA | F40: 16 | G40: 3 | H40: 84.7 | I40: 59.7 | J40: 19.7 | K40: {='Weights & Method'!$B$10*I40+'Weights & Method'!$B$11*J40} -> 43.7 | L40: 80.5 | M40: {='Weights & Method'!$B$4*K40+'Weights & Method'!$B$5*L40+'Weights & Method'!$B$6*100*D40} -> 48.185 | N40: 73 | O40: {=IF(N40<='Weights & Method'!$B$13,"Yes","No")} -> No | P40: 64 | Q40: Only 16/52 tests taken; Mostly inactive on tests since 31 Aug (3/35)
A41: E0323008 | B41: Mohammad Tameem | C41: B.Tech CSE-AIDA | D41: 0 | E41: AIDA | F41: 22 | G41: 12 | H41: 62 | I41: 34.9 | J41: 38.3 | K41: {='Weights & Method'!$B$10*I41+'Weights & Method'!$B$11*J41} -> 36.26 | L41: 85.7 | M41: {='Weights & Method'!$B$4*K41+'Weights & Method'!$B$5*L41+'Weights & Method'!$B$6*100*D41} -> 45.653 | N41: 76 | O41: {=IF(N41<='Weights & Method'!$B$13,"Yes","No")} -> No | P41: 70 | Q41: Scores in bottom third of test-takers
A42: E0323051 | B42: Ravinivasan G P | C42: B.Tech CSE-AIDA | D42: 0 | E42: AIDA | F42: 13 | G42: 9 | H42: 75.5 | I42: 45.7 | J42: 25.4 | K42: {='Weights & Method'!$B$10*I42+'Weights & Method'!$B$11*J42} -> 37.58 | L42: 79.5 | M42: {='Weights & Method'!$B$4*K42+'Weights & Method'!$B$5*L42+'Weights & Method'!$B$6*100*D42} -> 44.519 | N42: 78 | O42: {=IF(N42<='Weights & Method'!$B$13,"Yes","No")} -> No | P42: 74 | Q42: Only 13/52 tests taken
A43: E0323028 | B43: D Sai Shruthi | C43: B.Tech CSE-AIDA | D43: 0 | E43: AIDA | F43: 8 | G43: 0 | H43: 91.5 | I43: 60.9 | J43: 7.7 | K43: {='Weights & Method'!$B$10*I43+'Weights & Method'!$B$11*J43} -> 39.62 | L43: 70.1 | M43: {='Weights & Method'!$B$4*K43+'Weights & Method'!$B$5*L43+'Weights & Method'!$B$6*100*D43} -> 42.821 | N43: 81 | O43: {=IF(N43<='Weights & Method'!$B$13,"Yes","No")} -> No | P43: 77 | Q43: Only 8/52 tests taken; Mostly inactive on tests since 31 Aug (0/35)
A44: E0323046 | B44: ManojNaik.A | C44: B.Tech CSE-AIDA | D44: 0 | E44: AIDA | F44: 12 | G44: 3 | H44: 69.5 | I44: 45.3 | J44: 15.8 | K44: {='Weights & Method'!$B$10*I44+'Weights & Method'!$B$11*J44} -> 33.5 | L44: 79.5 | M44: {='Weights & Method'!$B$4*K44+'Weights & Method'!$B$5*L44+'Weights & Method'!$B$6*100*D44} -> 42.275 | N44: 83 | O44: {=IF(N44<='Weights & Method'!$B$13,"Yes","No")} -> No | P44: 80 | Q44: Only 12/52 tests taken; Mostly inactive on tests since 31 Aug (3/35)
A45: E0323055 | B45: Bavya S | C45: B.Tech CSE-AIDA | D45: 0 | E45: AIDA | F45: 2 | G45: 0 | H45: 97.3 | I45: 51.5 | J45: 1.9 | K45: {='Weights & Method'!$B$10*I45+'Weights & Method'!$B$11*J45} -> 31.66 | L45: 79.5 | M45: {='Weights & Method'!$B$4*K45+'Weights & Method'!$B$5*L45+'Weights & Method'!$B$6*100*D45} -> 41.263 | N45: 86 | O45: {=IF(N45<='Weights & Method'!$B$13,"Yes","No")} -> No | P45: 84 | Q45: Only 2/52 tests taken; Mostly inactive on tests since 31 Aug (0/35)
A46: E0323005 | B46: Saranyaa Murali | C46: B.Tech CSE-AIDA | D46: 0 | E46: AIDA | F46: 15 | G46: 10 | H46: 60.2 | I46: 40.5 | J46: 28.7 | K46: {='Weights & Method'!$B$10*I46+'Weights & Method'!$B$11*J46} -> 35.78 | L46: 69.9 | M46: {='Weights & Method'!$B$4*K46+'Weights & Method'!$B$5*L46+'Weights & Method'!$B$6*100*D46} -> 40.649 | N46: 88 | O46: {=IF(N46<='Weights & Method'!$B$13,"Yes","No")} -> No | P46: 86 | Q46: Only 15/52 tests taken
A47: E0323035 | B47: Oorakathan R | C47: B.Tech CSE-AIDA | D47: 0 | E47: AIDA | F47: 4 | G47: 0 | H47: 74.1 | I47: 39.9 | J47: 3.8 | K47: {='Weights & Method'!$B$10*I47+'Weights & Method'!$B$11*J47} -> 25.46 | L47: 81.8 | M47: {='Weights & Method'!$B$4*K47+'Weights & Method'!$B$5*L47+'Weights & Method'!$B$6*100*D47} -> 38.543 | N47: 94 | O47: {=IF(N47<='Weights & Method'!$B$13,"Yes","No")} -> No | P47: 92 | Q47: Only 4/52 tests taken; Mostly inactive on tests since 31 Aug (0/35); Scores in bottom third of test-takers
A48: E0323047 | B48: Prassanna Srinivass S U | C48: B.Tech CSE-AIDA | D48: 0 | E48: AIDA | F48: 3 | G48: 2 | H48: 62 | I48: 44.5 | J48: 5.7 | K48: {='Weights & Method'!$B$10*I48+'Weights & Method'!$B$11*J48} -> 28.98 | L48: 74 | M48: {='Weights & Method'!$B$4*K48+'Weights & Method'!$B$5*L48+'Weights & Method'!$B$6*100*D48} -> 38.139 | N48: 96 | O48: {=IF(N48<='Weights & Method'!$B$13,"Yes","No")} -> No | P48: 94 | Q48: Only 3/52 tests taken; Mostly inactive on tests since 31 Aug (2/35)
A49: E0323006 | B49: Shyam Parthiv D | C49: B.Tech CSE-AIDA | D49: 0 | E49: AIDA | F49: 23 | G49: 14 | H49: 68.9 | I49: 38.9 | J49: 42.1 | K49: {='Weights & Method'!$B$10*I49+'Weights & Method'!$B$11*J49} -> 40.18 | L49: 52.1 | M49: {='Weights & Method'!$B$4*K49+'Weights & Method'!$B$5*L49+'Weights & Method'!$B$6*100*D49} -> 37.729 | N49: 97 | O49: {=IF(N49<='Weights & Method'!$B$13,"Yes","No")} -> No | P49: 95 | Q49: Class attendance 52%; Scores in bottom third of test-takers
... A56: E0323025 | B56: Logan kavishaan | C56: B.Tech CSE-AIDA | D56: 0 | E56: AIDA | F56: 7 | G56: 4 | H56: 42.2 | I56: 29.8 | J56: 12.4 | K56: {='Weights & Method'!$B$10*I56+'Weights & Method'!$B$11*J56} -> 22.84 | L56: 42.9 | M56: {='Weights & Method'!$B$4*K56+'Weights & Method'!$B$5*L56+'Weights & Method'!$B$6*100*D56} -> 25.432 | N56: 111 | O56: {=IF(N56<='Weights & Method'!$B$13,"Yes","No")} -> No | P56: 111 | Q56: Only 7/52 tests taken; Mostly inactive on tests since 31 Aug (4/35); Class attendance 43%; Scores in bottom third of test-takers
A57: E0323033 | B57: N S Dheepak Shakthi | C57: B.Tech CSE-AIDA | D57: 0 | E57: AIDA | F57: 0 | G57: 0 | I57: 0 | J57: 0 | K57: {='Weights & Method'!$B$10*I57+'Weights & Method'!$B$11*J57} -> 0 | L57: 67.5 | M57: {='Weights & Method'!$B$4*K57+'Weights & Method'!$B$5*L57+'Weights & Method'!$B$6*100*D57} -> 20.25 | N57: 115 | O57: {=IF(N57<='Weights & Method'!$B$13,"Yes","No")} -> No | P57: 115 | Q57: Only 0/52 tests taken; Mostly inactive on tests since 31 Aug (0/35)
A58: E0323053 | B58: Shyam Ganesh S | C58: B.Tech CSE-AIDA | D58: 0 | E58: AIDA | F58: 0 | G58: 0 | I58: 0 | J58: 0 | K58: {='Weights & Method'!$B$10*I58+'Weights & Method'!$B$11*J58} -> 0 | L58: 62.3 | M58: {='Weights & Method'!$B$4*K58+'Weights & Method'!$B$5*L58+'Weights & Method'!$B$6*100*D58} -> 18.69 | N58: 116 | O58: {=IF(N58<='Weights & Method'!$B$13,"Yes","No")} -> No | P58: 116 | Q58: Only 0/52 tests taken; Mostly inactive on tests since 31 Aug (0/35); Class attendance 62%
A59: E0323034 | B59: Guru Charan | C59: B.Tech CSE-AIDA | D59: 0 | E59: AIDA | F59: 0 | G59: 0 | I59: 0 | J59: 0 | K59: {='Weights & Method'!$B$10*I59+'Weights & Method'!$B$11*J59} -> 0 | L59: 57.5 | M59: {='Weights & Method'!$B$4*K59+'Weights & Method'!$B$5*L59+'Weights & Method'!$B$6*100*D59} -> 17.25 | N59: 117 | O59: {=IF(N59<='Weights & Method'!$B$13,"Yes","No")} -> No | P59: 117 | Q59: Only 0/52 tests taken; Mostly inactive on tests since 31 Aug (0/35); Class attendance 58%
A60: E0323054 | B60: Bharatraj B | C60: B.Tech CSE-AIDA | D60: 0 | E60: AIDA | F60: 0 | G60: 0 | I60: 0 | J60: 0 | K60: {='Weights & Method'!$B$10*I60+'Weights & Method'!$B$11*J60} -> 0 | L60: 5.5 | M60: {='Weights & Method'!$B$4*K60+'Weights & Method'!$B$5*L60+'Weights & Method'!$B$6*100*D60} -> 1.65 | N60: 122 | O60: {=IF(N60<='Weights & Method'!$B$13,"Yes","No")} -> No | P60: 122 | Q60: Only 0/52 tests taken; Mostly inactive on tests since 31 Aug (0/35); Class attendance 5%
A61: E0123034 | B61: Dhanuja Vidya T | C61: B.Tech CSE-AIML | D61: 1 | E61: AIML | F61: 34 | G61: 21 | H61: 82.5 | I61: 53.6 | J61: 62.7 | K61: {='Weights & Method'!$B$10*I61+'Weights & Method'!$B$11*J61} -> 57.24 | L61: 100 | M61: {='Weights & Method'!$B$4*K61+'Weights & Method'!$B$5*L61+'Weights & Method'!$B$6*100*D61} -> 76.482 | N61: 4 | O61: {=IF(N61<='Weights & Method'!$B$13,"Yes","No")} -> Yes | P61: 13
A62: E0123021 | B62: Koshree V | C62: B.Tech CSE-AIML | D62: 1 | E62: AIML | F62: 29 | G62: 19 | H62: 82.2 | I62: 54.3 | J62: 55 | K62: {='Weights & Method'!$B$10*I62+'Weights & Method'!$B$11*J62} -> 54.58 | L62: 91.8 | M62: {='Weights & Method'!$B$4*K62+'Weights & Method'!$B$5*L62+'Weights & Method'!$B$6*100*D62} -> 72.559 | N62: 8 | O62: {=IF(N62<='Weights & Method'!$B$13,"Yes","No")} -> Yes | P62: 23
A63: E0123049 | B63: Srinath A | C63: B.Tech CSE-AIML | D63: 1 | E63: AIML | F63: 26 | G63: 11 | H63: 91.2 | I63: 61.6 | J63: 40.7 | K63: {='Weights & Method'!$B$10*I63+'Weights & Method'!$B$11*J63} -> 53.24 | L63: 91.8 | M63: {='Weights & Method'!$B$4*K63+'Weights & Method'!$B$5*L63+'Weights & Method'!$B$6*100*D63} -> 71.822 | N63: 9 | O63: {=IF(N63<='Weights & Method'!$B$13,"Yes","No")} -> Yes | P63: 25
A64: E0123015 | B64: Leela Nandha Kishore K S | C64: B.Tech CSE-AIML | D64: 1 | E64: AIML | F64: 17 | G64: 11 | H64: 96.8 | I64: 72.6 | J64: 32.1 | K64: {='Weights & Method'!$B$10*I64+'Weights & Method'!$B$11*J64} -> 56.4 | L64: 85.7 | M64: {='Weights & Method'!$B$4*K64+'Weights & Method'!$B$5*L64+'Weights & Method'!$B$6*100*D64} -> 71.73 | N64: 10 | O64: {=IF(N64<='Weights & Method'!$B$13,"Yes","No")} -> Yes | P64: 26 | Q64: Only 17/52 tests taken
A65: E0123007 | B65: GOKUL B | C65: B.Tech CSE-AIML | D65: 1 | E65: AIML | F65: 23 | G65: 11 | H65: 80.6 | I65: 53.9 | J65: 37.8 | K65: {='Weights & Method'!$B$10*I65+'Weights & Method'!$B$11*J65} -> 47.46 | L65: 100 | M65: {='Weights & Method'!$B$4*K65+'Weights & Method'!$B$5*L65+'Weights & Method'!$B$6*100*D65} -> 71.103 | N65: 11 | O65: {=IF(N65<='Weights & Method'!$B$13,"Yes","No")} -> Yes | P65: 27
A66: E0123028 | B66: G. Tanya Sri | C66: B.Tech CSE-AIML | D66: 1 | E66: AIML | F66: 32 | G66: 17 | H66: 84 | I66: 55.6 | J66: 55.1 | K66: {='Weights & Method'!$B$10*I66+'Weights & Method'!$B$11*J66} -> 55.4 | L66: 71.2 | M66: {='Weights & Method'!$B$4*K66+'Weights & Method'!$B$5*L66+'Weights & Method'!$B$6*100*D66} -> 66.83 | N66: 23 | O66: {=IF(N66<='Weights & Method'!$B$13,"Yes","No")} -> Yes | P66: 46
A67: E0123013 | B67: ABEEJAY M | C67: B.Tech CSE-AIML | D67: 1 | E67: AIML | F67: 5 | G67: 3 | H67: 94.8 | I67: 67.4 | J67: 9.1 | K67: {='Weights & Method'!$B$10*I67+'Weights & Method'!$B$11*J67} -> 44.08 | L67: 90.9 | M67: {='Weights & Method'!$B$4*K67+'Weights & Method'!$B$5*L67+'Weights & Method'!$B$6*100*D67} -> 66.514 | N67: 24 | O67: {=IF(N67<='Weights & Method'!$B$13,"Yes","No")} -> Yes | P67: 48 | Q67: Only 5/52 tests taken; Mostly inactive on tests since 31 Aug (3/35)
A68: E0123043 | B68: Riya Vinod | C68: B.Tech CSE-AIML | D68: 0 | E68: AIML | F68: 45 | G68: 31 | H68: 90.9 | I68: 65 | J68: 87.6 | K68: {='Weights & Method'!$B$10*I68+'Weights & Method'!$B$11*J68} -> 74.04 | L68: 84.9 | M68: {='Weights & Method'!$B$4*K68+'Weights & Method'!$B$5*L68+'Weights & Method'!$B$6*100*D68} -> 66.192 | N68: 25 | O68: {=IF(N68<='Weights & Method'!$B$13,"Yes","No")} -> Yes | P68: 4 | Q68: Top-15 on data but not handpicked
A69: E0123001 | B69: Harisundar.R | C69: B.Tech CSE-AIML | D69: 1 | E69: AIML | F69: 11 | G69: 0 | H69: 91.3 | I69: 63.9 | J69: 10.6 | K69: {='Weights & Method'!$B$10*I69+'Weights & Method'!$B$11*J69} -> 42.58 | L69: 84.9 | M69: {='Weights & Method'!$B$4*K69+'Weights & Method'!$B$5*L69+'Weights & Method'!$B$6*100*D69} -> 63.889 | N69: 27 | O69: {=IF(N69<='Weights & Method'!$B$13,"Yes","No")} -> Yes | P69: 57 | Q69: Only 11/52 tests taken; Mostly inactive on tests since 31 Aug (0/35)
A70: E0123011 | B70: Abirami k | C70: B.Tech CSE-AIML | D70: 0 | E70: AIML | F70: 34 | G70: 20 | H70: 88.2 | I70: 63.1 | J70: 61.3 | K70: {='Weights & Method'!$B$10*I70+'Weights & Method'!$B$11*J70} -> 62.38 | L70: 94.5 | M70: {='Weights & Method'!$B$4*K70+'Weights & Method'!$B$5*L70+'Weights & Method'!$B$6*100*D70} -> 62.659 | N70: 33 | O70: {=IF(N70<='Weights & Method'!$B$13,"Yes","No")} -> Yes | P70: 11 | Q70: Top-15 on data but not handpicked
A71: E0123026 | B71: Aakash N | C71: B.Tech CSE-AIML | D71: 1 | E71: AIML | F71: 16 | G71: 12 | H71: 56 | I71: 34.3 | J71: 32.5 | K71: {='Weights & Method'!$B$10*I71+'Weights & Method'!$B$11*J71} -> 33.58 | L71: 93.2 | M71: {='Weights & Method'!$B$4*K71+'Weights & Method'!$B$5*L71+'Weights & Method'!$B$6*100*D71} -> 61.429 | N71: 36 | O71: {=IF(N71<='Weights & Method'!$B$13,"Yes","No")} -> Yes | P71: 67 | Q71: Only 16/52 tests taken; Scores in bottom third of test-takers
A72: E0123008 | B72: MOHAMED JASMIR | C72: B.Tech CSE-AIML | D72: 1 | E72: AIML | F72: 17 | G72: 10 | H72: 88.4 | I72: 60.9 | J72: 30.6 | K72: {='Weights & Method'!$B$10*I72+'Weights & Method'!$B$11*J72} -> 48.78 | L72: 59.7 | M72: {='Weights & Method'!$B$4*K72+'Weights & Method'!$B$5*L72+'Weights & Method'!$B$6*100*D72} -> 59.739 | N72: 39 | O72: {=IF(N72<='Weights & Method'!$B$13,"Yes","No")} -> Yes | P72: 72 | Q72: Only 17/52 tests taken; Class attendance 60%
A73: E0123047 | B73: LOKESHWARAN S | C73: B.Tech CSE-AIML | D73: 0 | E73: AIML | F73: 29 | G73: 15 | H73: 86.3 | I73: 60.5 | J73: 49.3 | K73: {='Weights & Method'!$B$10*I73+'Weights & Method'!$B$11*J73} -> 56.02 | L73: 90.9 | M73: {='Weights & Method'!$B$4*K73+'Weights & Method'!$B$5*L73+'Weights & Method'!$B$6*100*D73} -> 58.081 | N73: 45 | O73: {=IF(N73<='Weights & Method'!$B$13,"Yes","No")} -> No | P73: 21
A74: E0123030 | B74: G.Tharanya | C74: B.Tech CSE-AIML | D74: 1 | E74: AIML | F74: 22 | G74: 11 | H74: 68.6 | I74: 38.8 | J74: 36.9 | K74: {='Weights & Method'!$B$10*I74+'Weights & Method'!$B$11*J74} -> 38.04 | L74: 71.2 | M74: {='Weights & Method'!$B$4*K74+'Weights & Method'!$B$5*L74+'Weights & Method'!$B$6*100*D74} -> 57.282 | N74: 47 | O74: {=IF(N74<='Weights & Method'!$B$13,"Yes","No")} -> No | P74: 79 | Q74: Scores in bottom third of test-takers
A75: E0123004 | B75: Madheshkumar A | C75: B.Tech CSE-AIML | D75: 0 | E75: AIML | F75: 16 | G75: 11 | H75: 93.8 | I75: 70.3 | J75: 31.1 | K75: {='Weights & Method'!$B$10*I75+'Weights & Method'!$B$11*J75} -> 54.62 | L75: 89.6 | M75: {='Weights & Method'!$B$4*K75+'Weights & Method'!$B$5*L75+'Weights & Method'!$B$6*100*D75} -> 56.921 | N75: 48 | O75: {=IF(N75<='Weights & Method'!$B$13,"Yes","No")} -> No | P75: 24 | Q75: Only 16/52 tests taken
A76: E0123009 | B76: SAKTHI R | C76: B.Tech CSE-AIML | D76: 1 | E76: AIML | F76: 13 | G76: 5 | H76: 45.9 | I76: 37.5 | J76: 19.6 | K76: {='Weights & Method'!$B$10*I76+'Weights & Method'!$B$11*J76} -> 30.34 | L76: 83.6 | M76: {='Weights & Method'!$B$4*K76+'Weights & Method'!$B$5*L76+'Weights & Method'!$B$6*100*D76} -> 56.767 | N76: 49 | O76: {=IF(N76<='Weights & Method'!$B$13,"Yes","No")} -> No | P76: 82 | Q76: Only 13/52 tests taken; Mostly inactive on tests since 31 Aug (5/35); Scores in bottom third of test-takers
A77: E0123014 | B77: Keerthishree K | C77: B.Tech CSE-AIML | D77: 0 | E77: AIML | F77: 32 | G77: 18 | H77: 84.6 | I77: 55.1 | J77: 56.5 | K77: {='Weights & Method'!$B$10*I77+'Weights & Method'!$B$11*J77} -> 55.66 | L77: 79.5 | M77: {='Weights & Method'!$B$4*K77+'Weights & Method'!$B$5*L77+'Weights & Method'!$B$6*100*D77} -> 54.463 | N77: 52 | O77: {=IF(N77<='Weights & Method'!$B$13,"Yes","No")} -> No | P77: 33
A78: E0123042 | B78: Hariharan A | C78: B.Tech CSE-AIML | D78: 0 | E78: AIML | F78: 28 | G78: 14 | H78: 86.2 | I78: 55.8 | J78: 46.9 | K78: {='Weights & Method'!$B$10*I78+'Weights & Method'!$B$11*J78} -> 52.24 | L78: 84.9 | M78: {='Weights & Method'!$B$4*K78+'Weights & Method'!$B$5*L78+'Weights & Method'!$B$6*100*D78} -> 54.202 | N78: 53 | O78: {=IF(N78<='Weights & Method'!$B$13,"Yes","No")} -> No | P78: 34
A79: E0123019 | B79: ASHIKA S | C79: B.Tech CSE-AIML | D79: 1 | E79: AIML | F79: 20 | G79: 10 | H79: 73.4 | I79: 44.9 | J79: 33.5 | K79: {='Weights & Method'!$B$10*I79+'Weights & Method'!$B$11*J79} -> 40.34 | L79: 49.3 | M79: {='Weights & Method'!$B$4*K79+'Weights & Method'!$B$5*L79+'Weights & Method'!$B$6*100*D79} -> 51.977 | N79: 59 | O79: {=IF(N79<='Weights & Method'!$B$13,"Yes","No")} -> No | P79: 97 | Q79: Class attendance 49%
A80: E0123044 | B80: Jovin Kester. K | C80: B.Tech CSE-AIML | D80: 0 | E80: AIML | F80: 24 | G80: 10 | H80: 78.9 | I80: 53.4 | J80: 37.4 | K80: {='Weights & Method'!$B$10*I80+'Weights & Method'!$B$11*J80} -> 47 | L80: 84.9 | M80: {='Weights & Method'!$B$4*K80+'Weights & Method'!$B$5*L80+'Weights & Method'!$B$6*100*D80} -> 51.32 | N80: 62 | O80: {=IF(N80<='Weights & Method'!$B$13,"Yes","No")} -> No | P80: 50
A81: E0123035 | B81: Sowdeepya Reddy I | C81: B.Tech CSE-AIML | D81: 0 | E81: AIML | F81: 15 | G81: 8 | H81: 73.9 | I81: 51.2 | J81: 25.9 | K81: {='Weights & Method'!$B$10*I81+'Weights & Method'!$B$11*J81} -> 41.08 | L81: 87 | M81: {='Weights & Method'!$B$4*K81+'Weights & Method'!$B$5*L81+'Weights & Method'!$B$6*100*D81} -> 48.694 | N81: 68 | O81: {=IF(N81<='Weights & Method'!$B$13,"Yes","No")} -> No | P81: 58 | Q81: Only 15/52 tests taken
A82: E0123037 | B82: Muhammed Suhail M M | C82: B.Tech CSE-AIML | D82: 0 | E82: AIML | F82: 8 | G82: 6 | H82: 77.7 | I82: 50.4 | J82: 16.3 | K82: {='Weights & Method'!$B$10*I82+'Weights & Method'!$B$11*J82} -> 36.76 | L82: 93.5 | M82: {='Weights & Method'!$B$4*K82+'Weights & Method'!$B$5*L82+'Weights & Method'!$B$6*100*D82} -> 48.268 | N82: 72 | O82: {=IF(N82<='Weights & Method'!$B$13,"Yes","No")} -> No | P82: 63 | Q82: Only 8/52 tests taken; Mostly inactive on tests since 31 Aug (6/35)
A83: E0123003 | B83: Nivedh manoj | C83: B.Tech CSE-AIML | D83: 1 | E83: AIML | F83: 17 | G83: 11 | H83: 79.8 | I83: 51.1 | J83: 32.1 | K83: {='Weights & Method'!$B$10*I83+'Weights & Method'!$B$11*J83} -> 43.5 | L83: 29.9 | M83: {='Weights & Method'!$B$4*K83+'Weights & Method'!$B$5*L83+'Weights & Method'!$B$6*100*D83} -> 47.895 | N83: 74 | O83: {=IF(N83<='Weights & Method'!$B$13,"Yes","No")} -> No | P83: 103 | Q83: Only 17/52 tests taken; Class attendance 30%
A84: E0123046 | B84: AKSHAYA TARINI A R | C84: B.Tech CSE-AIML | D84: 0 | E84: AIML | F84: 10 | G84: 5 | H84: 74.2 | I84: 44.9 | J84: 16.8 | K84: {='Weights & Method'!$B$10*I84+'Weights & Method'!$B$11*J84} -> 33.66 | L84: 90.4 | M84: {='Weights & Method'!$B$4*K84+'Weights & Method'!$B$5*L84+'Weights & Method'!$B$6*100*D84} -> 45.633 | N84: 77 | O84: {=IF(N84<='Weights & Method'!$B$13,"Yes","No")} -> No | P84: 71 | Q84: Only 10/52 tests taken; Mostly inactive on tests since 31 Aug (5/35)
A85: E0123201 | B85: Madhana Harish V | C85: B.Tech CSE-AIML | D85: 0 | E85: AIML | F85: 2 | G85: 0 | H85: 76.7 | I85: 44.8 | J85: 1.9 | K85: {='Weights & Method'!$B$10*I85+'Weights & Method'!$B$11*J85} -> 27.64 | L85: 89.6 | M85: {='Weights & Method'!$B$4*K85+'Weights & Method'!$B$5*L85+'Weights & Method'!$B$6*100*D85} -> 42.082 | N85: 84 | O85: {=IF(N85<='Weights & Method'!$B$13,"Yes","No")} -> No | P85: 81 | Q85: Only 2/52 tests taken; Mostly inactive on tests since 31 Aug (0/35)
A86: E0123022 | B86: Ashwin S | C86: B.Tech CSE-AIML | D86: 0 | E86: AIML | F86: 1 | G86: 0 | H86: 62.5 | I86: 48.2 | J86: 1 | K86: {='Weights & Method'!$B$10*I86+'Weights & Method'!$B$11*J86} -> 29.32 | L86: 83.1 | M86: {='Weights & Method'!$B$4*K86+'Weights & Method'!$B$5*L86+'Weights & Method'!$B$6*100*D86} -> 41.056 | N86: 87 | O86: {=IF(N86<='Weights & Method'!$B$13,"Yes","No")} -> No | P86: 85 | Q86: Only 1/52 tests taken; Mostly inactive on tests since 31 Aug (0/35)
A87: E0123033 | B87: Mano.M | C87: B.Tech CSE-AIML | D87: 0 | E87: AIML | F87: 11 | G87: 7 | H87: 75.3 | I87: 41.9 | J87: 20.6 | K87: {='Weights & Method'!$B$10*I87+'Weights & Method'!$B$11*J87} -> 33.38 | L87: 71.4 | M87: {='Weights & Method'!$B$4*K87+'Weights & Method'!$B$5*L87+'Weights & Method'!$B$6*100*D87} -> 39.779 | N87: 92 | O87: {=IF(N87<='Weights & Method'!$B$13,"Yes","No")} -> No | P87: 90 | Q87: Only 11/52 tests taken
A88: E0123010 | B88: Abishek TJ | C88: B.Tech CSE-AIML | D88: 0 | E88: AIML | F88: 12 | G88: 3 | H88: 81.9 | I88: 62 | J88: 15.8 | K88: {='Weights & Method'!$B$10*I88+'Weights & Method'!$B$11*J88} -> 43.52 | L88: 52.1 | M88: {='Weights & Method'!$B$4*K88+'Weights & Method'!$B$5*L88+'Weights & Method'!$B$6*100*D88} -> 39.566 | N88: 93 | O88: {=IF(N88<='Weights & Method'!$B$13,"Yes","No")} -> No | P88: 91 | Q88: Only 12/52 tests taken; Mostly inactive on tests since 31 Aug (3/35); Class attendance 52%
A89: E0123038 | B89: K MUGESH | C89: B.Tech CSE-AIML | D89: 0 | E89: AIML | F89: 4 | G89: 2 | H89: 63.8 | I89: 43.7 | J89: 6.7 | K89: {='Weights & Method'!$B$10*I89+'Weights & Method'!$B$11*J89} -> 28.9 | L89: 59.7 | M89: {='Weights & Method'!$B$4*K89+'Weights & Method'!$B$5*L89+'Weights & Method'!$B$6*100*D89} -> 33.805 | N89: 102 | O89: {=IF(N89<='Weights & Method'!$B$13,"Yes","No")} -> No | P89: 101 | Q89: Only 4/52 tests taken; Mostly inactive on tests since 31 Aug (2/35); Class attendance 60%
A90: E0123016 | B90: Raagavendran Sundar | C90: B.Tech CSE-AIML | D90: 0 | E90: AIML | F90: 1 | G90: 0 | H90: 48.3 | I90: 43.1 | J90: 1 | K90: {='Weights & Method'!$B$10*I90+'Weights & Method'!$B$11*J90} -> 26.26 | L90: 58.4 | M90: {='Weights & Method'!$B$4*K90+'Weights & Method'!$B$5*L90+'Weights & Method'!$B$6*100*D90} -> 31.963 | N90: 106 | O90: {=IF(N90<='Weights & Method'!$B$13,"Yes","No")} -> No | P90: 106 | Q90: Only 1/52 tests taken; Mostly inactive on tests since 31 Aug (0/35); Class attendance 58%
A91: E0123051 | B91: ADLIN VIBEESH V A | C91: B.Tech CSE-AIML | D91: 0 | E91: AIML | F91: 1 | G91: 0 | H91: 16.2 | I91: 45.5 | J91: 1 | K91: {='Weights & Method'!$B$10*I91+'Weights & Method'!$B$11*J91} -> 27.7 | L91: 52.1 | M91: {='Weights & Method'!$B$4*K91+'Weights & Method'!$B$5*L91+'Weights & Method'!$B$6*100*D91} -> 30.865 | N91: 108 | O91: {=IF(N91<='Weights & Method'!$B$13,"Yes","No")} -> No | P91: 108 | Q91: Only 1/52 tests taken; Mostly inactive on tests since 31 Aug (0/35); Class attendance 52%
A92: E0123020 | B92: Roshan Sanjay D | C92: B.Tech CSE-AIML | D92: 0 | E92: AIML | F92: 5 | G92: 2 | H92: 45.8 | I92: 33.7 | J92: 7.7 | K92: {='Weights & Method'!$B$10*I92+'Weights & Method'!$B$11*J92} -> 23.3 | L92: 43.8 | M92: {='Weights & Method'!$B$4*K92+'Weights & Method'!$B$5*L92+'Weights & Method'!$B$6*100*D92} -> 25.955 | N92: 110 | O92: {=IF(N92<='Weights & Method'!$B$13,"Yes","No")} -> No | P92: 110 | Q92: Only 5/52 tests taken; Mostly inactive on tests since 31 Aug (2/35); Class attendance 44%; Scores in bottom third of test-takers
... A94: E0123006 | B94: TARUN RD | C94: B.Tech CSE-AIML | D94: 0 | E94: AIML | F94: 1 | G94: 0 | H94: 37.5 | I94: 42.5 | J94: 1 | K94: {='Weights & Method'!$B$10*I94+'Weights & Method'!$B$11*J94} -> 25.9 | L94: 28.6 | M94: {='Weights & Method'!$B$4*K94+'Weights & Method'!$B$5*L94+'Weights & Method'!$B$6*100*D94} -> 22.825 | N94: 114 | O94: {=IF(N94<='Weights & Method'!$B$13,"Yes","No")} -> No | P94: 114 | Q94: Only 1/52 tests taken; Mostly inactive on tests since 31 Aug (0/35); Class attendance 29%
A95: E0123024 | B95: Shibi Shrivatsav | C95: B.Tech CSE-AIML | D95: 0 | E95: AIML | F95: 0 | G95: 0 | I95: 0 | J95: 0 | K95: {='Weights & Method'!$B$10*I95+'Weights & Method'!$B$11*J95} -> 0 | L95: 50.7 | M95: {='Weights & Method'!$B$4*K95+'Weights & Method'!$B$5*L95+'Weights & Method'!$B$6*100*D95} -> 15.21 | N95: 118 | O95: {=IF(N95<='Weights & Method'!$B$13,"Yes","No")} -> No | P95: 118 | Q95: Only 0/52 tests taken; Mostly inactive on tests since 31 Aug (0/35); Class attendance 51%
A96: E0123031 | B96: Mohamed Haris | C96: B.Tech CSE-AIML | D96: 0 | E96: AIML | F96: 0 | G96: 0 | I96: 0 | J96: 0 | K96: {='Weights & Method'!$B$10*I96+'Weights & Method'!$B$11*J96} -> 0 | L96: 45.2 | M96: {='Weights & Method'!$B$4*K96+'Weights & Method'!$B$5*L96+'Weights & Method'!$B$6*100*D96} -> 13.56 | N96: 119 | O96: {=IF(N96<='Weights & Method'!$B$13,"Yes","No")} -> No | P96: 119 | Q96: Only 0/52 tests taken; Mostly inactive on tests since 31 Aug (0/35); Class attendance 45%
A97: E0123052 | B97: Benjamin S | C97: B.Tech CSE-AIML | D97: 0 | E97: AIML | F97: 0 | G97: 0 | I97: 0 | J97: 0 | K97: {='Weights & Method'!$B$10*I97+'Weights & Method'!$B$11*J97} -> 0 | L97: 12.3 | M97: {='Weights & Method'!$B$4*K97+'Weights & Method'!$B$5*L97+'Weights & Method'!$B$6*100*D97} -> 3.69 | N97: 121 | O97: {=IF(N97<='Weights & Method'!$B$13,"Yes","No")} -> No | P97: 121 | Q97: Only 0/52 tests taken; Mostly inactive on tests since 31 Aug (0/35); Class attendance 12%
A98: E0423030 | B98: Priyadharshini.H | C98: B.Tech CSME-AIDA | D98: 1 | E98: MED | F98: 32 | G98: 18 | H98: 75.6 | I98: 56.8 | J98: 56.5 | K98: {='Weights & Method'!$B$10*I98+'Weights & Method'!$B$11*J98} -> 56.68 | L98: 100 | M98: {='Weights & Method'!$B$4*K98+'Weights & Method'!$B$5*L98+'Weights & Method'!$B$6*100*D98} -> 76.174 | N98: 5 | O98: {=IF(N98<='Weights & Method'!$B$13,"Yes","No")} -> Yes | P98: 14
A99: E0423002 | B99: Nikhilesh | C99: B.Tech CSME-AIDA | D99: 1 | E99: MED | F99: 28 | G99: 15 | H99: 92.9 | I99: 72.5 | J99: 48.4 | K99: {='Weights & Method'!$B$10*I99+'Weights & Method'!$B$11*J99} -> 62.86 | L99: 86.3 | M99: {='Weights & Method'!$B$4*K99+'Weights & Method'!$B$5*L99+'Weights & Method'!$B$6*100*D99} -> 75.463 | N99: 6 | O99: {=IF(N99<='Weights & Method'!$B$13,"Yes","No")} -> Yes | P99: 15
A100: E0423028 | B100: Prasanna T | C100: B.Tech CSME-AIDA | D100: 0 | E100: MED | F100: 41 | G100: 29 | H100: 93.2 | I100: 70.8 | J100: 80.9 | K100: {='Weights & Method'!$B$10*I100+'Weights & Method'!$B$11*J100} -> 74.84 | L100: 98.6 | M100: {='Weights & Method'!$B$4*K100+'Weights & Method'!$B$5*L100+'Weights & Method'!$B$6*100*D100} -> 70.742 | N100: 12 | O100: {=IF(N100<='Weights & Method'!$B$13,"Yes","No")} -> Yes | P100: 1 | Q100: Top-15 on data but not handpicked
A101: E0423006 | B101: B Priyadarshini | C101: B.Tech CSME-AIDA | D101: 1 | E101: MED | F101: 39 | G101: 22 | H101: 64.9 | I101: 35.3 | J101: 68.9 | K101: {='Weights & Method'!$B$10*I101+'Weights & Method'!$B$11*J101} -> 48.74 | L101: 83.6 | M101: {='Weights & Method'!$B$4*K101+'Weights & Method'!$B$5*L101+'Weights & Method'!$B$6*100*D101} -> 66.887 | N101: 22 | O101: {=IF(N101<='Weights & Method'!$B$13,"Yes","No")} -> Yes | P101: 45 | Q101: Scores in bottom third of test-takers
A102: E0423008 | B102: S.H.ASHMITHA | C102: B.Tech CSME-AIDA | D102: 1 | E102: MED | F102: 20 | G102: 20 | H102: 83.8 | I102: 65.6 | J102: 47.8 | K102: {='Weights & Method'!$B$10*I102+'Weights & Method'!$B$11*J102} -> 58.48 | L102: 54.5 | M102: {='Weights & Method'!$B$4*K102+'Weights & Method'!$B$5*L102+'Weights & Method'!$B$6*100*D102} -> 63.514 | N102: 28 | O102: {=IF(N102<='Weights & Method'!$B$13,"Yes","No")} -> Yes | P102: 59 | Q102: Class attendance 55%
A103: E0423036 | B103: Nithisha | C103: B.Tech CSME-AIDA | D103: 0 | E103: MED | F103: 43 | G103: 30 | H103: 88.3 | I103: 65.4 | J103: 84.2 | K103: {='Weights & Method'!$B$10*I103+'Weights & Method'!$B$11*J103} -> 72.92 | L103: 77.1 | M103: {='Weights & Method'!$B$4*K103+'Weights & Method'!$B$5*L103+'Weights & Method'!$B$6*100*D103} -> 63.236 | N103: 29 | O103: {=IF(N103<='Weights & Method'!$B$13,"Yes","No")} -> Yes | P103: 6 | Q103: Top-15 on data but not handpicked
A104: E0423015 | B104: PRIYANKA K | C104: B.Tech CSME-AIDA | D104: 0 | E104: MED | F104: 44 | G104: 28 | H104: 68.1 | I104: 49.6 | J104: 82.3 | K104: {='Weights & Method'!$B$10*I104+'Weights & Method'!$B$11*J104} -> 62.68 | L104: 94.8 | M104: {='Weights & Method'!$B$4*K104+'Weights & Method'!$B$5*L104+'Weights & Method'!$B$6*100*D104} -> 62.914 | N104: 30 | O104: {=IF(N104<='Weights & Method'!$B$13,"Yes","No")} -> Yes | P104: 7 | Q104: Top-15 on data but not handpicked
A105: E0423017 | B105: Parithy M | C105: B.Tech CSME-AIDA | D105: 0 | E105: MED | F105: 42 | G105: 27 | H105: 83 | I105: 55.8 | J105: 79 | K105: {='Weights & Method'!$B$10*I105+'Weights & Method'!$B$11*J105} -> 65.08 | L105: 90.4 | M105: {='Weights & Method'!$B$4*K105+'Weights & Method'!$B$5*L105+'Weights & Method'!$B$6*100*D105} -> 62.914 | N105: 31 | O105: {=IF(N105<='Weights & Method'!$B$13,"Yes","No")} -> Yes | P105: 8 | Q105: Top-15 on data but not handpicked
A106: E0423023 | B106: Akshaya | C106: B.Tech CSME-AIDA | D106: 0 | E106: MED | F106: 45 | G106: 29 | H106: 76.6 | I106: 52.4 | J106: 84.7 | K106: {='Weights & Method'!$B$10*I106+'Weights & Method'!$B$11*J106} -> 65.32 | L106: 89.4 | M106: {='Weights & Method'!$B$4*K106+'Weights & Method'!$B$5*L106+'Weights & Method'!$B$6*100*D106} -> 62.746 | N106: 32 | O106: {=IF(N106<='Weights & Method'!$B$13,"Yes","No")} -> Yes | P106: 10 | Q106: Top-15 on data but not handpicked
A107: E0423031 | B107: Aakarshana R | C107: B.Tech CSME-AIDA | D107: 1 | E107: MED | F107: 32 | G107: 21 | H107: 73.4 | I107: 51.2 | J107: 60.8 | K107: {='Weights & Method'!$B$10*I107+'Weights & Method'!$B$11*J107} -> 55.04 | L107: 54.5 | M107: {='Weights & Method'!$B$4*K107+'Weights & Method'!$B$5*L107+'Weights & Method'!$B$6*100*D107} -> 61.622 | N107: 34 | O107: {=IF(N107<='Weights & Method'!$B$13,"Yes","No")} -> Yes | P107: 66 | Q107: Class attendance 55%
...
