Workbook

Sheet Summary
A1: Data Aces — Coding Round Question Bank
A2: Prepared for T.I.M.E. placement training. Topics: Array, String, Searching, Sorting, Hashing, Two Pointer, Prefix Sum, Sliding Window.
A3: Note: no public source lists actual Data Aces coding questions; set is calibrated to the candidate-reported pattern (language-specific coding + write-the-logic exam).
A5: Topic | B5: Easy | C5: Medium | D5: Total (Bank) | E5: Variants | F5: Solved | G5: % Solved
A6: Array | B6: =COUNTIFS('Question Bank'!$B$2:$B$46,$A6,'Question Bank'!$E$2:$E$46,"Easy") -> 4 | C6: =COUNTIFS('Question Bank'!$B$2:$B$46,$A6,'Question Bank'!$E$2:$E$46,"Medium") -> 2 | D6: =B6+C6 -> 6 | E6: =COUNTIF('Write-the-Logic Variants'!$B$2:$B$17,$A6) -> 2 | F6: =COUNTIFS('Question Bank'!$B$2:$B$46,$A6,'Question Bank'!$H$2:$H$46,"Solved")+COUNTIFS('Write-the-Logic Variants'!$B$2:$B$17,$A6,'Write-the-Logic Variants'!$F$2:$F$17,"Solved") -> 0 | G6: =IF(D6+E6=0,0,F6/(D6+E6)) -> 0
A7: String | B7: =COUNTIFS('Question Bank'!$B$2:$B$46,$A7,'Question Bank'!$E$2:$E$46,"Easy") -> 4 | C7: =COUNTIFS('Question Bank'!$B$2:$B$46,$A7,'Question Bank'!$E$2:$E$46,"Medium") -> 2 | D7: =B7+C7 -> 6 | E7: =COUNTIF('Write-the-Logic Variants'!$B$2:$B$17,$A7) -> 2 | F7: =COUNTIFS('Question Bank'!$B$2:$B$46,$A7,'Question Bank'!$H$2:$H$46,"Solved")+COUNTIFS('Write-the-Logic Variants'!$B$2:$B$17,$A7,'Write-the-Logic Variants'!$F$2:$F$17,"Solved") -> 0 | G7: =IF(D7+E7=0,0,F7/(D7+E7)) -> 0
A8: Searching | B8: =COUNTIFS('Question Bank'!$B$2:$B$46,$A8,'Question Bank'!$E$2:$E$46,"Easy") -> 3 | C8: =COUNTIFS('Question Bank'!$B$2:$B$46,$A8,'Question Bank'!$E$2:$E$46,"Medium") -> 2 | D8: =B8+C8 -> 5 | E8: =COUNTIF('Write-the-Logic Variants'!$B$2:$B$17,$A8) -> 2 | F8: =COUNTIFS('Question Bank'!$B$2:$B$46,$A8,'Question Bank'!$H$2:$H$46,"Solved")+COUNTIFS('Write-the-Logic Variants'!$B$2:$B$17,$A8,'Write-the-Logic Variants'!$F$2:$F$17,"Solved") -> 0 | G8: =IF(D8+E8=0,0,F8/(D8+E8)) -> 0
A9: Sorting | B9: =COUNTIFS('Question Bank'!$B$2:$B$46,$A9,'Question Bank'!$E$2:$E$46,"Easy") -> 2 | C9: =COUNTIFS('Question Bank'!$B$2:$B$46,$A9,'Question Bank'!$E$2:$E$46,"Medium") -> 3 | D9: =B9+C9 -> 5 | E9: =COUNTIF('Write-the-Logic Variants'!$B$2:$B$17,$A9) -> 2 | F9: =COUNTIFS('Question Bank'!$B$2:$B$46,$A9,'Question Bank'!$H$2:$H$46,"Solved")+COUNTIFS('Write-the-Logic Variants'!$B$2:$B$17,$A9,'Write-the-Logic Variants'!$F$2:$F$17,"Solved") -> 0 | G9: =IF(D9+E9=0,0,F9/(D9+E9)) -> 0
A10: Hashing | B10: =COUNTIFS('Question Bank'!$B$2:$B$46,$A10,'Question Bank'!$E$2:$E$46,"Easy") -> 4 | C10: =COUNTIFS('Question Bank'!$B$2:$B$46,$A10,'Question Bank'!$E$2:$E$46,"Medium") -> 2 | D10: =B10+C10 -> 6 | E10: =COUNTIF('Write-the-Logic Variants'!$B$2:$B$17,$A10) -> 2 | F10: =COUNTIFS('Question Bank'!$B$2:$B$46,$A10,'Question Bank'!$H$2:$H$46,"Solved")+COUNTIFS('Write-the-Logic Variants'!$B$2:$B$17,$A10,'Write-the-Logic Variants'!$F$2:$F$17,"Solved") -> 0 | G10: =IF(D10+E10=0,0,F10/(D10+E10)) -> 0
A11: Two Pointer | B11: =COUNTIFS('Question Bank'!$B$2:$B$46,$A11,'Question Bank'!$E$2:$E$46,"Easy") -> 3 | C11: =COUNTIFS('Question Bank'!$B$2:$B$46,$A11,'Question Bank'!$E$2:$E$46,"Medium") -> 3 | D11: =B11+C11 -> 6 | E11: =COUNTIF('Write-the-Logic Variants'!$B$2:$B$17,$A11) -> 2 | F11: =COUNTIFS('Question Bank'!$B$2:$B$46,$A11,'Question Bank'!$H$2:$H$46,"Solved")+COUNTIFS('Write-the-Logic Variants'!$B$2:$B$17,$A11,'Write-the-Logic Variants'!$F$2:$F$17,"Solved") -> 0 | G11: =IF(D11+E11=0,0,F11/(D11+E11)) -> 0
A12: Prefix Sum | B12: =COUNTIFS('Question Bank'!$B$2:$B$46,$A12,'Question Bank'!$E$2:$E$46,"Easy") -> 3 | C12: =COUNTIFS('Question Bank'!$B$2:$B$46,$A12,'Question Bank'!$E$2:$E$46,"Medium") -> 2 | D12: =B12+C12 -> 5 | E12: =COUNTIF('Write-the-Logic Variants'!$B$2:$B$17,$A12) -> 2 | F12: =COUNTIFS('Question Bank'!$B$2:$B$46,$A12,'Question Bank'!$H$2:$H$46,"Solved")+COUNTIFS('Write-the-Logic Variants'!$B$2:$B$17,$A12,'Write-the-Logic Variants'!$F$2:$F$17,"Solved") -> 0 | G12: =IF(D12+E12=0,0,F12/(D12+E12)) -> 0
A13: Sliding Window | B13: =COUNTIFS('Question Bank'!$B$2:$B$46,$A13,'Question Bank'!$E$2:$E$46,"Easy") -> 2 | C13: =COUNTIFS('Question Bank'!$B$2:$B$46,$A13,'Question Bank'!$E$2:$E$46,"Medium") -> 4 | D13: =B13+C13 -> 6 | E13: =COUNTIF('Write-the-Logic Variants'!$B$2:$B$17,$A13) -> 2 | F13: =COUNTIFS('Question Bank'!$B$2:$B$46,$A13,'Question Bank'!$H$2:$H$46,"Solved")+COUNTIFS('Write-the-Logic Variants'!$B$2:$B$17,$A13,'Write-the-Logic Variants'!$F$2:$F$17,"Solved") -> 0 | G13: =IF(D13+E13=0,0,F13/(D13+E13)) -> 0
A14: Total | B14: =SUM(B6:B13) -> 25 | C14: =SUM(C6:C13) -> 20 | D14: =SUM(D6:D13) -> 45 | E14: =SUM(E6:E13) -> 16 | F14: =SUM(F6:F13) -> 0 | G14: =IF(D14+E14=0,0,F14/(D14+E14)) -> 0
A16: How to use: set the Status column (dropdown) on the Question Bank and Variants sheets; Solved counts update here. The Numbers & Patterns sheet is optional warm-up for Round 1.

Sheet Question Bank
A1: # | B1: Topic | C1: Problem | D1: Source | E1: Difficulty | F1: Key Idea / Approach | G1: Link | H1: Status
A2: 1 | B2: Array | C2: Second Largest Element | D2: GfG | E2: Easy | F2: Single pass tracking largest and second largest; handle duplicates | G2: Search GfG | H2: Not Started
A3: 2 | B3: Array | C3: Missing Number | D3: LC 268 | E3: Easy | F3: Expected sum n(n+1)/2 minus actual sum, or XOR | G3: Open | H3: Not Started
A4: 3 | B4: Array | C4: Move Zeroes | D4: LC 283 | E4: Easy | F4: Write pointer for non-zeros, fill rest with 0 | G4: Open | H4: Not Started
A5: 4 | B5: Array | C5: Rotate Array by k | D5: LC 189 | E5: Medium | F5: k %= n; reverse whole, reverse first k, reverse rest | G5: Open | H5: Not Started
A6: 5 | B6: Array | C6: Leaders in an Array | D6: GfG | E6: Easy | F6: Scan right to left keeping running max | G6: Search GfG | H6: Not Started
A7: 6 | B7: Array | C7: Maximum Subarray (Kadane) | D7: LC 53 | E7: Medium | F7: cur = max(x, cur+x); best = max(best, cur) | G7: Open | H7: Not Started
A8: 7 | B8: String | C8: Valid Palindrome | D8: LC 125 | E8: Easy | F8: Two pointers skipping non-alphanumerics, compare lowercase | G8: Open | H8: Not Started
A9: 8 | B9: String | C9: Reverse Words in a String | D9: LC 151 | E9: Medium | F9: Split on spaces, drop empties, join reversed | G9: Open | H9: Not Started
A10: 9 | B10: String | C10: First Unique Character | D10: LC 387 | E10: Easy | F10: Frequency count, then first index with count 1 | G10: Open | H10: Not Started
A11: 10 | B11: String | C11: Longest Common Prefix | D11: LC 14 | E11: Easy | F11: Compare characters column-wise across all strings | G11: Open | H11: Not Started
A12: 11 | B12: String | C12: Count Vowels, Consonants, Digits, Spaces | D12: Basic | E12: Easy | F12: Single pass with character classification | G12: — | H12: Not Started
A13: 12 | B13: String | C13: String Compression | D13: LC 443 | E13: Medium | F13: Read/write pointers; write char then count if > 1 | G13: Open | H13: Not Started
... A46: 45 | B46: Sliding Window | C46: Longest Repeating Character Replacement | D46: LC 424 | E46: Medium | F46: Valid while window - maxFreq <= k | G46: Open | H46: Not Started

Sheet Write-the-Logic Variants
A1: # | B1: Topic | C1: Problem (original, scenario-style) | D1: Difficulty | E1: Expected Logic | F1: Status
A2: 1 | B2: Array | C2: Given marks of N students, print how many scored above the class average | D2: Easy | E2: Two passes: compute average, then count | F2: Not Started
A3: 2 | B3: Array | C3: Find the element that appears once when every other appears twice | D3: Easy | E3: XOR all elements | F3: Not Started
A4: 3 | B4: String | C4: Check whether two employee names are rotations of each other | D4: Easy | E4: Equal length and s2 is a substring of s1+s1 | F4: Not Started
A5: 4 | B5: String | C5: Convert a sentence to title case without using built-in title functions | D5: Easy | E5: Uppercase the char after a space or at index 0 | F5: Not Started
A6: 5 | B6: Searching | C6: Given sorted order IDs, count how many times a given ID occurs | D6: Medium | E6: Last position - first position + 1 via binary search | F6: Not Started
A7: 6 | B7: Searching | C7: Find the smallest number in a sorted array that was rotated | D7: Medium | E7: Binary search comparing mid with hi | F7: Not Started
A8: 7 | B8: Sorting | C8: Sort an array of product names by length, then alphabetically | D8: Easy | E8: Custom comparator on (length, name) | F8: Not Started
A9: 8 | B9: Sorting | C9: Given two sorted lists of ticket numbers, merge them without duplicates | D9: Easy | E9: Merge step of merge sort, skip equal values | F9: Not Started
A10: 9 | B10: Hashing | C10: Print the first repeating character in a customer code | D10: Easy | E10: Set; first char already in set | F10: Not Started
A11: 10 | B11: Hashing | C11: Count the frequency of each word in a sentence and print in input order | D11: Easy | E11: Ordered map / map plus list of first occurrences | F11: Not Started
A12: 11 | B12: Two Pointer | C12: Check if an array of daily temperatures is a palindrome | D12: Easy | E12: Compare a[i] with a[n-1-i] | F12: Not Started
A13: 12 | B13: Two Pointer | C13: Move all negative numbers to the front, keeping order not required | D13: Easy | E13: Partition with left/right pointers | F13: Not Started
... A17: 16 | B17: Sliding Window | C17: Count subarrays of size k whose average is at least a threshold | D17: Medium | E17: Fixed window sum compared to k * threshold | F17: Not Started

Sheet Numbers & Patterns (Opt)
A1: # | B1: Category | C1: Program | D1: Difficulty | E1: Key Logic | F1: Status
A2: 1 | B2: Number Programs | C2: Prime check (and primes in a range) | D2: Easy | E2: Trial division up to sqrt(n) | F2: Not Started
A3: 2 | B3: Number Programs | C3: Palindrome number | D3: Easy | E3: Reverse digits with % and / | F3: Not Started
A4: 3 | B4: Number Programs | C4: Armstrong number | D4: Easy | E4: Sum of digits raised to digit count | F4: Not Started
A5: 4 | B5: Number Programs | C5: GCD and LCM | D5: Easy | E5: Euclid; lcm = a*b/gcd | F5: Not Started
A6: 5 | B6: Number Programs | C6: Fibonacci series up to N | D6: Easy | E6: Iterative two-variable loop | F6: Not Started
A7: 6 | B7: Number Programs | C7: Factorial and sum of digits | D7: Easy | E7: Loop; watch overflow for large n | F7: Not Started
A8: 7 | B8: Number Programs | C8: Perfect number / strong number | D8: Easy | E8: Sum of divisors / sum of digit factorials | F8: Not Started
A9: 8 | B9: Number Programs | C9: Decimal to binary conversion | D9: Easy | E9: Repeated division by 2 | F9: Not Started
A10: 9 | B10: Patterns | C10: Right-angled star triangle | D10: Easy | E10: Outer loop rows, inner loop i stars | F10: Not Started
A11: 10 | B11: Patterns | C11: Pyramid (centered stars) | D11: Easy | E11: n-i spaces then 2i-1 stars | F11: Not Started
A12: 11 | B12: Patterns | C12: Floyd's triangle | D12: Easy | E12: Running counter across rows | F12: Not Started
A13: 12 | B13: Patterns | C13: Number pyramid / palindrome rows | D13: Easy | E13: Ascending then descending numbers per row | F13: Not Started
A14: 13 | B14: Patterns | C14: Hollow square / hollow diamond | D14: Medium | E14: Print star only on borders | F14: Not Started
